<?xml version="1.0" encoding="utf-8"?>
<COLLADA xmlns="http://www.collada.org/2005/11/COLLADASchema" version="1.4.1" xmlns:xsi="http://www.w3.org/2001/XMLSchema-instance">
  <asset>
    <contributor>
      <author>Blender User</author>
      <authoring_tool>Blender 4.5.3 LTS commit date:2025-09-08, commit time:12:46, hash:67807e1800cc</authoring_tool>
    </contributor>
    <created>2026-03-28T10:20:09</created>
    <modified>2026-03-28T10:20:09</modified>
    <unit name="meter" meter="1"/>
    <up_axis>Z_UP</up_axis>
  </asset>
  <library_images/>
  <library_geometries>
    <geometry id="umay_blacksmith_props_02-mesh" name="umay_blacksmith_props_02">
      <mesh>
        <source id="umay_blacksmith_props_02-mesh-positions">
          <float_array id="umay_blacksmith_props_02-mesh-positions-array" count="2409">22.28732 17.63047 -0.3534682 22.28732 18.26534 0.7793138 22.99442 17.33757 -0.3534682 23.44334 17.78649 0.7793138 23.28732 16.63047 -0.3534682 23.92218 16.63047 0.7793138 22.99442 15.92336 -0.3534682 23.44334 15.47444 0.7793138 22.28732 15.63046 -0.3534682 22.28732 14.99559 0.7793138 21.58021 15.92336 -0.3534682 21.13129 15.47444 0.7793138 21.28732 16.63047 -0.3534682 20.65244 16.63047 0.7793138 21.58021 17.33757 -0.3534682 21.13129 17.78649 0.7793138 23.56328 17.90643 2.599551 22.28732 18.43496 2.599551 24.09181 16.63047 2.599551 23.56328 15.3545 2.599551 22.28732 14.82597 2.599551 21.01135 15.3545 2.599551 20.48282 16.63047 2.599551 21.01135 17.90643 2.599551 23.34333 17.68649 3.922506 22.28732 18.1239 3.922506 23.78075 16.63047 3.922506 23.34333 15.57444 3.922506 22.28732 15.13703 3.922506 21.23129 15.57444 3.922506 20.79388 16.63047 3.922506 21.23129 17.68649 3.922506 22.77158 17.11473 4.87778 22.28732 17.31532 4.87778 22.97217 16.63047 4.87778 22.77158 16.1462 4.87778 22.28732 15.94561 4.87778 21.80305 16.1462 4.87778 21.60246 16.63047 4.87778 21.80305 17.11473 4.87778 22.82074 17.16389 5.104384 22.28732 17.38484 5.104384 23.0417 16.63047 5.104384 22.82074 16.09704 5.104384 22.28732 15.87609 5.104384 21.75389 16.09704 5.104384 21.53294 16.63047 5.104384 21.75389 17.16389 5.104384 23.05817 17.40132 5.073995 22.28732 17.72062 5.073995 23.37747 16.63047 5.073995 23.05817 15.85961 5.073995 22.28732 15.54031 5.073995 21.51646 15.85961 5.073995 21.19716 16.63047 5.073995 21.51646 17.40132 5.073995 23.00522 17.34836 5.427989 22.28732 17.64573 5.427989 23.30258 16.63047 5.427989 23.00522 15.91256 5.427989 22.28732 15.6152 5.427989 21.56942 15.91256 5.427989 21.27205 16.63047 5.427989 21.56942 17.34836 5.427989 16.25555 13.63631 -0.6834738 16.25555 13.63631 2.162079 16.25555 13.96272 -0.6834738 16.25555 13.96272 2.162079 16.69518 13.63631 -0.6834738 16.69518 13.63631 2.162079 16.69518 13.96272 -0.6834738 16.69518 13.96272 2.162079 16.17757 7.400119 2.090995 16.17757 7.400119 2.294111 16.17757 14.03361 2.090995 16.17757 14.03361 2.294111 19.24604 7.400119 2.090995 19.24604 7.400119 2.294111 19.24604 14.03361 2.090995 19.24604 14.03361 2.294111 18.71321 7.442335 -0.6834738 18.71321 7.442335 2.162079 18.71321 7.768745 -0.6834738 18.71321 7.768745 2.162079 19.15284 7.442335 -0.6834738 19.15284 7.442335 2.162079 19.15284 7.768745 -0.6834738 19.15284 7.768745 2.162079 16.25555 7.442335 -0.6834738 16.25555 7.442335 2.162079 16.25555 7.768745 -0.6834738 16.25555 7.768745 2.162079 16.69518 7.442335 -0.6834738 16.69518 7.442335 2.162079 16.69518 7.768745 -0.6834738 16.69518 7.768745 2.162079 18.71321 13.63631 -0.6834738 18.71321 13.63631 2.162079 18.71321 13.96272 -0.6834738 18.71321 13.96272 2.162079 19.15284 13.63631 -0.6834738 19.15284 13.63631 2.162079 19.15284 13.96272 -0.6834738 19.15284 13.96272 2.162079 16.25555 13.63631 2.194908 16.25555 13.63631 5.04046 16.25555 13.96272 2.194908 16.25555 13.96272 5.04046 16.69518 13.63631 2.194908 16.69518 13.63631 5.04046 16.69518 13.96272 2.194908 16.69518 13.96272 5.04046 16.17757 7.400119 4.969377 16.17757 7.400119 5.172492 16.17757 14.03361 4.969377 16.17757 14.03361 5.172492 19.24604 7.400119 4.969377 19.24604 7.400119 5.172492 19.24604 14.03361 4.969377 19.24604 14.03361 5.172492 18.71321 7.442335 2.194908 18.71321 7.442335 5.04046 18.71321 7.768745 2.194908 18.71321 7.768745 5.04046 19.15284 7.442335 2.194908 19.15284 7.442335 5.04046 19.15284 7.768745 2.194908 19.15284 7.768745 5.04046 16.25555 7.442335 2.194908 16.25555 7.442335 5.04046 16.25555 7.768745 2.194908 16.25555 7.768745 5.04046 16.69518 7.442335 2.194908 16.69518 7.442335 5.04046 16.69518 7.768745 2.194908 16.69518 7.768745 5.04046 18.71321 13.63631 2.194908 18.71321 13.63631 5.04046 18.71321 13.96272 2.194908 18.71321 13.96272 5.04046 19.15284 13.63631 2.194908 19.15284 13.63631 5.04046 19.15284 13.96272 2.194908 19.15284 13.96272 5.04046 15.88081 4.980263 -0.6834738 15.88081 4.980263 2.162079 15.88081 5.306673 -0.6834738 15.88081 5.306673 2.162079 16.32044 4.980263 -0.6834738 16.32044 4.980263 2.162079 16.32044 5.306673 -0.6834738 16.32044 5.306673 2.162079 15.80283 -1.255926 2.090995 15.80283 -1.255926 2.294111 15.80283 5.377568 2.090995 15.80283 5.377568 2.294111 18.8713 -1.255926 2.090995 18.8713 -1.255926 2.294111 18.8713 5.377568 2.090995 18.8713 5.377568 2.294111 18.33847 -1.213711 -0.6834738 18.33847 -1.213711 2.162079 18.33847 -0.8873003 -0.6834738 18.33847 -0.8873003 2.162079 18.7781 -1.213711 -0.6834738 18.7781 -1.213711 2.162079 18.7781 -0.8873003 -0.6834738 18.7781 -0.8873003 2.162079 15.88081 -1.213711 -0.6834738 15.88081 -1.213711 2.162079 15.88081 -0.8873003 -0.6834738 15.88081 -0.8873003 2.162079 16.32044 -1.213711 -0.6834738 16.32044 -1.213711 2.162079 16.32044 -0.8873003 -0.6834738 16.32044 -0.8873003 2.162079 18.33847 4.980263 -0.6834738 18.33847 4.980263 2.162079 18.33847 5.306674 -0.6834738 18.33847 5.306674 2.162079 18.7781 4.980263 -0.6834738 18.7781 4.980263 2.162079 18.7781 5.306674 -0.6834738 18.7781 5.306674 2.162079 15.88081 4.980264 2.194908 15.88081 4.980264 5.04046 15.88081 5.306673 2.194908 15.88081 5.306673 5.04046 16.32044 4.980264 2.194908 16.32044 4.980264 5.04046 16.32044 5.306673 2.194908 16.32044 5.306673 5.04046 15.80283 -1.255926 4.969377 15.80283 -1.255926 5.172492 15.80283 5.377569 4.969377 15.80283 5.377569 5.172492 18.8713 -1.255926 4.969377 18.8713 -1.255926 5.172492 18.8713 5.377569 4.969377 18.8713 5.377569 5.172492 18.33847 -1.213709 2.194908 18.33847 -1.213709 5.04046 18.33847 -0.8873003 2.194908 18.33847 -0.8873003 5.04046 18.7781 -1.213709 2.194908 18.7781 -1.213709 5.04046 18.7781 -0.8873003 2.194908 18.7781 -0.8873003 5.04046 15.88081 -1.213709 2.194908 15.88081 -1.213709 5.04046 15.88081 -0.8873003 2.194908 15.88081 -0.8873003 5.04046 16.32044 -1.213709 2.194908 16.32044 -1.213709 5.04046 16.32044 -0.8873003 2.194908 16.32044 -0.8873003 5.04046 18.33847 4.980264 2.194908 18.33847 4.980264 5.04046 18.33847 5.306674 2.194908 18.33847 5.306674 5.04046 18.7781 4.980264 2.194908 18.7781 4.980264 5.04046 18.7781 5.306674 2.194908 18.7781 5.306674 5.04046 -11.62368 -9.198425 8.239461 -7.026381 -17.87685 8.239462 -3.239648 -15.87087 8.239462 -7.836944 -7.192444 8.239462 -11.62368 -9.198425 8.552882 -7.026381 -17.87685 8.552882 -3.239648 -15.87087 8.552882 -7.836944 -7.192444 8.552882 -4.092307 -15.53574 -0.3885338 -3.827334 -16.03593 -0.3885338 -3.32714 -15.77096 -0.3885338 -3.592111 -15.27077 -0.3885338 -4.092307 -15.53574 3.768756 -3.827334 -16.03593 3.768756 -3.32714 -15.77096 3.768756 -3.592111 -15.27077 3.768756 -8.460528 -7.650948 -0.3885338 -8.195554 -8.151144 -0.3885338 -7.695359 -7.886171 -0.3885338 -7.960332 -7.385977 -0.3885338 -8.460528 -7.650948 3.768756 -8.195554 -8.151144 3.768756 -7.695359 -7.886171 3.768756 -7.960332 -7.385977 3.768756 -11.4659 -9.243013 -0.3885338 -11.20093 -9.743208 -0.3885338 -10.70072 -9.478226 -0.3885338 -10.96569 -8.978033 -0.3885338 -11.4659 -9.243013 3.768756 -11.20093 -9.743208 3.768756 -10.70072 -9.478226 3.768756 -10.96569 -8.978033 3.768756 -7.249894 -17.20167 -0.3885338 -6.984921 -17.70187 -0.3885338 -6.484715 -17.43689 -0.3885338 -6.749688 -16.93669 -0.3885338 -7.249894 -17.20167 3.768756 -6.984921 -17.70187 3.768756 -6.484715 -17.43689 3.768756 -6.749688 -16.93669 3.768756 -11.62368 -9.198425 3.768755 -7.026381 -17.87685 3.768755 -3.239648 -15.87087 3.768755 -7.836944 -7.192446 3.768755 -11.62368 -9.198425 4.082174 -7.026381 -17.87685 4.082174 -3.239648 -15.87087 4.082174 -7.836944 -7.192446 4.082174 -8.762231 -9.374123 6.937096 -7.264073 -11.55583 6.937096 -9.44581 -13.05374 6.937096 -10.94396 -10.87204 6.937096 -8.762231 -9.374123 4.290623 -10.94396 -10.87204 4.290623 -7.264073 -11.55583 4.290624 -9.44581 -13.05374 4.290624 -7.151898 -9.128752 8.609827 -9.003577 -11.13323 8.609827 -9.166038 -10.98314 8.609827 -7.314372 -8.97867 8.609827 -7.151898 -9.128752 8.831012 -9.003577 -11.13323 8.831012 -9.166038 -10.98314 8.831012 -7.314372 -8.97867 8.831012 -7.789437 -8.000061 8.609827 -9.14214 -10.37003 8.609827 -9.334243 -10.26039 8.609827 -7.981524 -7.890409 8.609827 -7.789437 -8.000061 8.831012 -9.14214 -10.37003 8.831012 -9.334243 -10.26039 8.831012 -7.981524 -7.890409 8.831012 -4.092307 -15.53574 4.082174 -3.827334 -16.03593 4.082174 -3.32714 -15.77096 4.082174 -3.592111 -15.27077 4.082174 -4.092307 -15.53574 8.239464 -3.827334 -16.03593 8.239464 -3.32714 -15.77096 8.239464 -3.592111 -15.27077 8.239464 -8.460528 -7.650948 4.082174 -8.195554 -8.151144 4.082174 -7.695359 -7.886171 4.082174 -7.960332 -7.385977 4.082174 -8.460528 -7.650948 8.239464 -8.195554 -8.151144 8.239464 -7.695359 -7.886171 8.239464 -7.960332 -7.385977 8.239464 -11.4659 -9.243013 4.082174 -11.20093 -9.743208 4.082174 -10.70072 -9.478226 4.082174 -10.96569 -8.978033 4.082174 -11.4659 -9.243013 8.239464 -11.20093 -9.743208 8.239464 -10.70072 -9.478226 8.239464 -10.96569 -8.978033 8.239464 -7.249894 -17.20167 4.082174 -6.984921 -17.70187 4.082174 -6.484715 -17.43689 4.082174 -6.749688 -16.93669 4.082174 -7.249894 -17.20167 8.239464 -6.984921 -17.70187 8.239464 -6.484715 -17.43689 8.239464 -6.749688 -16.93669 8.239464 -6.818542 -16.17687 8.748589 -4.531678 -14.35133 8.748589 -4.618505 -14.24257 8.609426 -6.905366 -16.06811 8.609426 -6.905366 -16.06811 8.887752 -4.618505 -14.24257 8.887752 -4.705325 -14.13381 8.748589 -6.992187 -15.95935 8.748589 -7.049146 -16.00686 8.748589 -5.981423 -13.28247 8.748589 -5.851861 -13.33325 8.609426 -6.91956 -16.05764 8.609426 -6.91956 -16.05764 8.887752 -5.851861 -13.33325 8.887752 -5.722287 -13.38402 8.748589 -6.790002 -16.10842 8.748589 -7.567826 -16.13719 8.748589 -7.450778 -16.17433 8.861381 -7.308898 -16.21936 8.748589 -7.450778 -16.17433 8.6358 -7.485782 -16.54686 8.748589 -7.386188 -16.48517 8.860987 -7.257478 -16.4171 8.748589 -7.386188 -16.48517 8.636192 -6.867362 -15.94891 8.748589 -6.954478 -16.17734 8.748589 -7.237735 -15.83594 8.748589 -7.210809 -15.95633 8.861484 -7.17821 -16.10096 8.748589 -7.210809 -15.95633 8.635694 -6.78967 -16.7109 8.748589 -6.859773 -16.61008 8.861381 -6.944732 -16.48786 8.748589 -6.859773 -16.61008 8.6358 -7.205287 -16.75365 8.748589 -7.175811 -16.6403 8.860987 -7.148837 -16.49721 8.748589 -7.175811 -16.6403 8.636192 -6.816937 -15.98609 8.748589 -6.910588 -16.05954 8.851305 -7.009389 -16.13685 8.748589 -6.910588 -16.05954 8.645874 -6.599502 -16.30649 8.748589 -6.72248 -16.31637 8.861484 -6.870284 -16.32801 8.748589 -6.72248 -16.31637 8.635694 -5.661344 -12.52771 8.609827 -7.6302 -14.41722 8.609827 -7.783357 -14.25763 8.609827 -5.814492 -12.36812 8.609827 -5.661344 -12.52771 8.831012 -7.6302 -14.41722 8.831012 -7.783357 -14.25763 8.831012 -5.814492 -12.36812 8.831012 -8.815005 -12.54888 8.731547 -6.088115 -11.4876 8.731547 -6.138591 -11.35791 8.59238 -8.865476 -12.41919 8.59238 -8.865476 -12.41919 8.87071 -6.138591 -11.35791 8.87071 -6.189059 -11.22821 8.731547 -8.915956 -12.28951 8.731547 -8.984464 -12.31789 8.731547 -7.15356 -10.03534 8.731547 -7.045003 -10.12241 8.59238 -8.875932 -12.40498 8.59238 -8.875932 -12.40498 8.87071 -7.045003 -10.12241 8.87071 -6.936448 -10.20949 8.731547 -8.767371 -12.49205 8.731547 -9.518449 -12.28777 8.731547 -9.41777 -12.35809 8.844335 -9.295766 -12.44335 8.731547 -9.41777 -12.35809 8.618754 -9.995805 -12.72762 8.731547 -9.910001 -12.73235 8.843943 -9.808328 -12.74563 8.731547 -9.910001 -12.73235 8.619149 -8.793696 -12.31673 8.731547 -8.944921 -12.50884 8.731547 -9.113584 -12.09855 8.731547 -9.123738 -12.22148 8.844439 -9.13574 -12.36927 8.731547 -9.123738 -12.22148 8.61865 -8.946555 -13.06727 8.731547 -8.983443 -12.95014 8.844335 -9.028117 -12.80815 8.731547 -8.983443 -12.95014 8.618754 -9.509423 -13.39057 8.731547 -9.488196 -13.30732 8.843943 -9.470313 -13.20634 8.731547 -9.488196 -13.30732 8.619149 -8.756635 -12.36725 8.731547 -8.867902 -12.40946 8.834259 -8.985267 -12.45382 8.731547 -8.867902 -12.40946 8.62883 -8.644521 -12.73787 8.731547 -8.764861 -12.71066 8.844439 -8.909419 -12.67774 8.731547 -8.764861 -12.71066 8.61865 12.01092 -12.35152 1.114622 12.56021 -11.93874 4.228982 12.80594 -12.01155 4.195292 12.25666 -12.42433 1.080933 11.94418 -12.59729 1.158969 12.49346 -12.1845 4.273328 12.7392 -12.25732 4.239638 12.18991 -12.6701 1.125279 4.520602 -7.80118 3.276864 5.053946 -6.873251 3.276864 6.524802 -8.183313 4.989243 6.392911 -8.412775 4.989243 6.299941 -8.308247 4.697101 6.387685 -8.155596 4.697101 4.520602 -7.80118 3.276864 5.053946 -6.873251 3.276864 4.729676 -8.121056 2.379876 5.435599 -6.892887 2.379876 5.085744 -8.436535 5.052691 3.005595 -5.385462 5.052691 5.887446 -7.041725 5.052691 6.524802 -8.183313 4.989243 6.392911 -8.412775 4.989243 2.203893 -6.780273 5.052691 1.727921 -6.190899 5.052691 2.257634 -5.269289 5.052691 4.520602 -7.80118 3.276864 2.694859 -6.751888 3.276864 3.228208 -5.823959 3.276864 5.053946 -6.873251 3.276864 5.435599 -6.892887 2.379876 6.387685 -8.155596 4.697101 6.299941 -8.308247 4.697101 2.203893 -6.780273 5.052691 3.228208 -5.823959 3.276864 2.694859 -6.751888 3.276864 3.005595 -5.385462 5.052691 5.887446 -7.041725 5.052691 2.313205 -6.732256 2.379876 2.313205 -6.732256 2.379876 4.729676 -8.121056 2.379876 3.019122 -5.504084 2.379876 3.019122 -5.504084 2.379876 6.524802 -8.183313 4.989243 6.392911 -8.412775 4.989243 5.085744 -8.436535 5.052691 1.727921 -6.190899 5.052691 1.963422 -5.939138 4.250724 2.158643 -5.599504 4.250725 2.257634 -5.269289 5.052691 1.660762 -6.766941 2.379876 2.130805 -8.320339 2.379876 3.561587 -9.086386 2.379876 5.114987 -8.616348 2.379876 5.881036 -7.185564 2.379876 5.410998 -5.632166 2.379876 3.98021 -4.866117 2.379876 2.426816 -5.336151 2.379876 3.7709 -6.976248 2.379876 1.660762 -6.766941 2.379876 2.130805 -8.320339 2.379876 3.561587 -9.086386 2.379876 5.114987 -8.616348 2.379876 5.881036 -7.185564 2.379876 5.410998 -5.632166 2.379876 3.98021 -4.866117 2.379876 2.426816 -5.336151 2.379876 1.660762 -6.766941 -1.041965 2.130805 -8.320339 -1.041966 3.561587 -9.086386 -1.041966 5.114987 -8.616348 -1.041965 5.881036 -7.185564 -1.041965 5.410998 -5.632166 -1.041965 3.98021 -4.866117 -1.041965 2.426816 -5.336151 -1.041966 12.51459 -11.15821 3.731293 13.3428 -12.6186 3.731293 10.89631 -10.7112 3.731293 9.435935 -11.53941 3.731292 8.988916 -13.15768 3.731292 9.81712 -14.61806 3.731292 11.43539 -15.06507 3.731293 12.89578 -14.23687 3.731293 12.34613 -11.37429 3.731293 13.07088 -12.65226 3.731293 10.92998 -10.9831 3.731293 9.652009 -11.70787 3.731292 9.260831 -13.12402 3.731292 9.985585 -14.40199 3.731292 11.40173 -14.79316 3.731293 12.6797 -14.06841 3.731293 11.16585 -12.88814 0.9531067 11.16585 -12.88814 0.9531067 11.16585 -12.88814 0.9531067 11.16585 -12.88814 0.9531067 11.16585 -12.88814 0.9531067 11.16585 -12.88814 0.9531067 11.16585 -12.88814 0.9531067 11.16585 -12.88814 0.9531067 12.04254 -11.76368 0.9531067 12.58088 -12.71293 0.9531067 10.99064 -11.47312 0.9531067 10.04139 -12.01146 0.9531067 9.750828 -13.06334 0.9531067 10.28916 -14.0126 0.9531067 11.34106 -14.30316 0.9531067 12.29032 -13.76482 0.9531067 12.58088 -12.71293 0.9531067 12.04254 -11.76368 0.9531067 10.99064 -11.47312 0.9531067 10.04139 -12.01146 0.9531067 9.750828 -13.06334 0.9531067 10.28916 -14.0126 0.9531067 11.34106 -14.30316 0.9531067 12.29032 -13.76482 0.9531067 13.07088 -12.65226 3.731293 12.34613 -11.37429 3.731293 10.92998 -10.9831 3.731293 9.652009 -11.70787 3.731292 9.260831 -13.12402 3.731292 9.985585 -14.40199 3.731292 11.40173 -14.79316 3.731293 12.6797 -14.06841 3.731293 12.78284 -12.68793 0.4205184 12.16767 -11.60319 0.4205179 10.96564 -11.27115 0.4205179 9.880906 -11.88633 0.4205179 9.548884 -13.08835 0.4205179 10.16403 -14.17309 0.4205179 11.36607 -14.50512 0.4205179 12.4508 -13.88995 0.4205179 13.3428 -12.6186 3.731293 12.51459 -11.15821 3.731293 10.89631 -10.7112 3.731293 9.435935 -11.53941 3.731292 8.988916 -13.15768 3.731292 9.81712 -14.61806 3.731292 11.43539 -15.06507 3.731293 12.89578 -14.23687 3.731293 11.85244 -12.75025 1.012532 12.66991 -13.60903 3.973204 12.91868 -13.61378 3.903135 12.10122 -12.755 0.9424615 11.82917 -12.99916 0.9467626 12.64663 -13.85793 3.907434 12.8954 -13.86269 3.837365 12.07793 -13.00392 0.8766918 11.70141 -12.90156 1.039367 12.25452 -14.08725 3.947895 12.50899 -14.0632 3.909309 11.95588 -12.87751 1.000781 11.70899 -13.14033 0.9405878 12.2621 -14.32602 3.849115 12.51658 -14.30196 3.810529 11.96347 -13.11627 0.9020019 11.55124 -13.05125 1.071338 11.4983 -14.55471 3.883481 11.75547 -14.53391 3.899446 11.80841 -13.03045 1.087302 11.5771 -13.27828 0.9504509 11.52416 -14.78174 3.762595 11.78133 -14.76093 3.778558 11.83427 -13.25748 0.966414 15.51788 -17.36418 3.200083 12.67693 -15.82575 3.200082 15.71354 -10.21821 3.200083 18.55449 -11.75666 3.200084 15.51788 -17.36418 0.5646186 12.67693 -15.82575 0.5646176 15.71354 -10.21821 0.5646186 18.55449 -11.75666 0.5646191 14.19523 -13.02198 0.5646186 14.19523 -13.02198 3.200083 17.03618 -14.56042 0.5646191 17.03618 -14.56042 3.200083 -23.3319 3.002492 -2.352234 -23.3319 3.637363 -1.219452 -22.62479 2.709599 -2.352234 -22.17587 3.15852 -1.219452 -22.3319 2.002492 -2.352234 -21.69703 2.002492 -1.219452 -22.62479 1.295386 -2.352234 -22.17587 0.8464644 -1.219452 -23.3319 1.002492 -2.352234 -23.3319 0.3676207 -1.219452 -24.03901 1.295386 -2.352234 -24.48793 0.8464644 -1.219452 -24.3319 2.002492 -2.352234 -24.96677 2.002492 -1.219452 -24.03901 2.709599 -2.352234 -24.48793 3.15852 -1.219452 -22.05593 3.278462 0.6007848 -23.3319 3.806985 0.6007848 -21.52741 2.002492 0.6007848 -22.05593 0.7265236 0.6007848 -23.3319 0.1980001 0.6007848 -24.60787 0.7265227 0.6007848 -25.1364 2.002492 0.6007848 -24.60787 3.278461 0.6007848 -22.27588 3.058513 1.92374 -23.3319 3.495931 1.92374 -21.83846 2.002492 1.92374 -22.27588 0.9464715 1.92374 -23.3319 0.5090544 1.92374 -24.38792 0.9464715 1.92374 -24.82534 2.002492 1.92374 -24.38792 3.058512 1.92374 -22.84764 2.486756 2.879014 -23.3319 2.687344 2.879014 -22.64705 2.002492 2.879014 -22.84764 1.518229 2.879014 -23.3319 1.317641 2.879014 -23.81617 1.518229 2.879014 -24.01675 2.002492 2.879014 -23.81617 2.486756 2.879014 -22.79847 2.535919 3.105618 -23.3319 2.756872 3.105618 -22.57752 2.002492 3.105618 -22.79847 1.469065 3.105618 -23.3319 1.248112 3.105618 -23.86533 1.469065 3.105618 -24.08628 2.002492 3.105618 -23.86533 2.535919 3.105618 -22.56105 2.773345 3.075228 -23.3319 3.092643 3.075228 -22.24175 2.002492 3.075228 -22.56105 1.231639 3.075228 -23.3319 0.9123414 3.075228 -24.10275 1.231639 3.075228 -24.42205 2.002492 3.075228 -24.10275 2.773345 3.075228 -22.614 2.720391 3.429222 -23.3319 3.017755 3.429222 -22.31664 2.002492 3.429222 -22.614 1.284593 3.429222 -23.3319 0.9872296 3.429222 -24.0498 1.284593 3.429222 -24.34716 2.002492 3.429222 -24.0498 2.720391 3.429222 -15.94976 0.8450692 4.793787 -15.94976 0.8450692 8.613929 -14.78771 4.484177 4.793787 -14.78771 4.484177 8.613929 -12.31066 -0.3169916 4.793787 -12.31066 -0.3169916 8.613929 -11.1486 3.322114 4.793787 -11.1486 3.322114 8.613929 -15.45926 0.08946061 0.9497917 -15.45926 0.08946061 4.769933 -15.45926 3.909602 0.9497917 -15.45926 3.909602 4.769933 -11.63912 0.08946061 0.9497917 -11.63912 0.08946061 4.769933 -11.63912 3.909601 0.9497917 -11.63912 3.909601 4.769933 -31.6781 19.50397 15.91026 -31.6781 19.50397 19.23458 -30.66687 22.67075 15.91026 -30.66687 22.67075 19.23458 -28.51132 18.49274 15.91026 -28.51132 18.49274 19.23458 -27.50008 21.65952 15.91026 -27.50008 21.65952 19.23458 -2.210017 7.383085 0.196268 -2.210017 7.311921 5.956665 -0.9921446 6.878623 0.196268 -1.042466 6.828303 5.956665 -0.4876871 5.66075 0.196268 -0.5588484 5.66075 5.956665 -0.9921446 4.442881 0.196268 -1.042466 4.4932 5.956665 -2.210017 3.938421 0.196268 -2.210017 4.009584 5.956665 -3.427888 4.442883 0.1962666 -3.377568 4.493201 5.956664 -3.932347 5.660753 0.1962666 -3.861184 5.660753 5.956664 -3.427888 6.878626 0.1962666 -3.377568 6.828306 5.956664 -2.210017 7.691125 1.549539 -2.210017 7.691125 4.992583 -0.7743273 7.096442 4.992583 -0.7743273 7.096442 1.549539 -0.1796445 5.66075 4.992583 -0.1796445 5.66075 1.549539 -0.7743273 4.225062 4.992583 -0.7743273 4.225062 1.549539 -2.210017 3.630382 4.992583 -2.210017 3.630382 1.549539 -3.645707 4.225063 4.992583 -3.645707 4.225063 1.549539 -4.240388 5.660753 4.992581 -4.240388 5.660753 1.549539 -3.645707 7.096442 4.992583 -3.645707 7.096442 1.549539 -2.210017 8.007866 3.291891 -0.5503569 7.320413 3.291893 0.1370972 5.66075 3.291893 -0.5503569 4.001093 3.291893 -2.210017 3.313639 3.291891 -3.869678 4.001094 3.291891 -4.557132 5.660753 3.291891 -3.869678 7.320413 3.291891 -4.384925 2.232065 0.1962678 -4.384925 2.160902 5.956665 -3.167054 1.727605 0.1962678 -3.217372 1.677284 5.956665 -2.662595 0.5097334 0.1962678 -2.733756 0.5097334 5.956665 -3.167054 -0.7081392 0.1962678 -3.217372 -0.6578195 5.956665 -4.384925 -1.212597 0.1962678 -4.384925 -1.141435 5.956665 -5.602797 -0.7081373 0.1962664 -5.552478 -0.6578176 5.956664 -6.107255 0.5097334 0.1962664 -6.036094 0.5097334 5.956664 -5.602797 1.727607 0.1962664 -5.552478 1.677286 5.956664 -4.384925 2.540106 1.549539 -4.384925 2.540106 4.992582 -2.949235 1.945422 4.992582 -2.949235 1.945422 1.549539 -2.354552 0.5097334 4.992582 -2.354552 0.5097334 1.549539 -2.949235 -0.9259565 4.992582 -2.949235 -0.9259565 1.549539 -4.384925 -1.520637 4.992582 -4.384925 -1.520637 1.549539 -5.820615 -0.9259546 4.992582 -5.820615 -0.9259546 1.549539 -6.415296 0.5097334 4.992581 -6.415296 0.5097334 1.549539 -5.820615 1.945423 4.992582 -5.820615 1.945423 1.549539 -4.384925 2.856849 3.291891 -2.725265 2.169394 3.291893 -2.03781 0.5097315 3.291893 -2.725265 -1.149927 3.291893 -4.384925 -1.837381 3.291891 -6.044585 -1.149925 3.291891 -6.732038 0.5097354 3.291891 -6.044585 2.169395 3.291891 22.82074 17.16389 5.104384 22.28732 17.38484 5.104384 23.0417 16.63047 5.104384 22.82074 16.09704 5.104384 22.28732 15.87609 5.104384 21.75389 16.09704 5.104384 21.53294 16.63047 5.104384 21.75389 17.16389 5.104384 23.05817 17.40132 5.073995 22.28732 17.72062 5.073995 23.37747 16.63047 5.073995 23.05817 15.85961 5.073995 22.28732 15.54031 5.073995 21.51646 15.85961 5.073995 21.19716 16.63047 5.073995 21.51646 17.40132 5.073995 -2.210017 7.311921 5.956665 -1.042466 6.828303 5.956665 -0.5588484 5.66075 5.956665 -1.042466 4.4932 5.956665 -2.210017 4.009584 5.956665 -3.377568 4.493201 5.956664 -3.861184 5.660753 5.956664 -3.377568 6.828306 5.956664 -4.384925 2.160902 5.956665 -3.217372 1.677284 5.956665 -2.733756 0.5097334 5.956665 -3.217372 -0.6578195 5.956665 -4.384925 -1.141435 5.956665 -5.552478 -0.6578176 5.956664 -6.036094 0.5097334 5.956664 -5.552478 1.677286 5.956664</float_array>
          <technique_common>
            <accessor source="#umay_blacksmith_props_02-mesh-positions-array" count="803" stride="3">
              <param name="X" type="float"/>
              <param name="Y" type="float"/>
              <param name="Z" type="float"/>
            </accessor>
          </technique_common>
        </source>
        <source id="umay_blacksmith_props_02-mesh-normals">
          <float_array id="umay_blacksmith_props_02-mesh-normals-array" count="2118">6.92294e-6 0.9588656 -0.2838605 0.6168386 0.6168364 -0.4888998 1.87356e-6 0.8723383 -0.4889028 0.9588665 1.64594e-6 -0.2838576 0.8723409 2.68424e-6 -0.4888984 0.6168401 -0.6168341 -0.4889008 6.82725e-6 -0.9588656 -0.2838605 1.87356e-6 -0.8723374 -0.4889044 -0.6168354 -0.6168369 -0.4889033 -0.6780171 -0.6780237 -0.2838605 -0.8723366 2.06263e-6 -0.4889057 0.7055481 -0.7055447 0.06639635 0.6780242 -0.678016 -0.2838619 -0.6780157 0.6780253 -0.2838602 -0.6168334 0.6168394 -0.4889026 -0.9977934 1.61796e-6 0.0663954 -0.6389285 0.6389222 0.428426 -0.7055431 0.7055501 0.06639409 -0.9588659 1.5694e-6 -0.2838599 -0.7055442 -0.705549 0.06639355 7.5902e-7 -0.9977934 0.06639683 0.7055469 0.705546 0.06639635 0.9977936 1.52344e-6 0.06639415 7.77928e-7 0.9977933 0.06639724 0.6780226 0.6780173 -0.2838624 0.6389214 0.6389276 0.4284284 0.9735194 3.61996e-6 0.2286046 0.9035782 1.49497e-6 0.4284232 2.7709e-6 -0.9035787 0.4284223 -0.6389294 -0.6389212 0.4284262 0.6389226 -0.638926 0.428429 2.81471e-6 0.9035786 0.4284225 -0.9035738 1.88386e-6 0.4284328 -0.6883764 0.6883815 0.2286239 -0.6883784 -0.6883792 0.2286247 0.6883821 -0.68838 0.2286111 2.25991e-6 0.9735149 0.2286236 0.6883791 0.6883828 0.228612 -0.9735146 4.27816e-6 0.2286251 1.97453e-6 -0.9735149 0.2286238 -0.6759957 -0.6760187 -0.2933063 -0.9560218 3.18701e-6 -0.2932957 1.42211e-5 -0.9560199 -0.2933019 0.6760118 -0.6759979 -0.2933171 0.9560109 3.2697e-6 -0.2933312 -0.675994 0.6760191 -0.2933093 1.50069e-5 0.9560193 -0.2933038 0.6760106 0.6760009 -0.2933132 1.20088e-5 0.9783452 0.2069801 -0.6917881 0.6917948 0.2070008 -4.75518e-6 0.9783459 0.2069764 -0.6917886 -0.691802 0.2069748 -0.9783449 3.20587e-6 0.2069811 -0.9783459 2.39306e-6 0.2069764 0.6918055 -0.6917892 0.2069614 1.46163e-7 -0.9783473 0.2069704 1.61213e-5 -0.978347 0.2069714 0.9783465 3.98868e-6 0.2069736 0.691796 0.6917929 0.2069806 0.9783461 5.20335e-6 0.2069755 -0.691779 0.6918038 0.2070012 -0.6917912 -0.6917991 0.206976 0.6917936 -0.6918008 0.2069621 0.6918007 0.6917886 0.2069795 -1 0 0 0 1 0 1 0 0 0 -1 0 0 0 -1 0 0 1 -0.8836678 -0.4681146 0 0.4681129 -0.8836687 0 0.8836685 0.4681134 0 -0.4681126 0.883669 0 0 0 -1 -0.8836684 -0.4681135 0 0.468115 -0.8836676 0 0.8836685 0.4681133 0 -0.4681138 0.8836683 0 -1.81286e-7 0 -1 -0.8836658 -0.4681186 0 0.4681087 -0.8836709 0 0.8836674 0.4681153 0 -0.4681087 0.8836709 0 -0.8836657 -0.4681186 0 0.468109 -0.8836708 0 0.8836678 0.4681147 0 -0.8836672 -0.4681159 0 0.468114 -0.8836682 0 0.883669 0.4681121 0 -0.468112 0.8836693 0 -0.8836684 -0.4681133 0 0.4681146 -0.8836678 0 0.8836671 0.468116 0 -0.4681093 0.8836706 0 -0.8836696 -0.4681111 0 0.4681164 -0.8836668 0 0.8836702 0.46811 0 -0.4681137 0.8836683 0 -0.8836711 -0.4681086 0 0.468115 -0.8836677 0 0.883669 0.4681126 0 -0.4681124 0.883669 0 -0.8836702 -0.4681102 0 0.4681158 -0.8836672 0 0.8836695 0.4681115 0 -0.4681158 0.8836672 0 0.8836709 0.468109 0 -0.8836686 -0.4681131 0 0.4681134 -0.8836684 0 0.8836688 0.4681128 0 -0.4681124 0.8836689 0 -0.8836682 -0.4681139 0 0.8836683 0.4681138 0 -0.4681131 0.8836686 0 1.81286e-7 0 1 -2.72322e-7 0 1 -0.5660097 0.8243986 0 -0.5660102 0.8243983 0 0.8243532 0.5660759 0 0.8243534 0.5660755 0 0.5660069 -0.8244005 0 0.5660067 -0.8244007 0 -0.8243539 -0.566075 0 -0.8243535 -0.5660755 0 0.7345516 -0.6785529 0 -0.6785823 -0.7345244 0 -0.7345512 0.6785533 0 0.6785398 0.7345637 0 1.97509e-6 0 1 0.7345462 -0.6785588 0 -0.6785867 -0.7345203 0 0.678542 0.7345617 0 6.32031e-6 0 -1 0.8684915 -0.4957042 0 -0.4956899 -0.8684996 0 -0.8684905 0.4957059 0 0.4957539 0.868463 0 -4.34499e-6 0 -1 3.94998e-7 0 1 0.86849 -0.4957069 0 -0.495682 -0.8685041 0 -0.8684876 0.495711 0 0.4957524 0.868464 0 0.4681089 -0.8836709 0 0.8836674 0.4681154 0 -0.4681083 0.8836712 0 0.4681088 -0.8836709 0 0.8836678 0.4681146 0 -0.468109 0.8836707 0 -0.8836671 -0.4681159 0 0.4681139 -0.8836682 0 0.883669 0.4681123 0 0.4681147 -0.8836677 0 0.8836671 0.4681159 0 -0.4681094 0.8836706 0 -0.8836697 -0.4681111 0 0.4681151 -0.8836675 0 0.8836717 0.4681074 0 -0.4681125 0.883669 0 -0.8836722 -0.4681062 0 0.4681164 -0.8836669 0 0.8836688 0.4681126 0 -0.8836709 -0.4681089 0 0.4681158 -0.8836671 0 0.8836702 0.4681102 0 -0.4681158 0.8836671 0 -0.8836695 -0.4681114 0 0.4681164 -0.8836668 0 -0.4681164 0.8836668 0 0.4411394 -0.5526182 0.7071133 0.7815155 0.6238859 2.46214e-5 -0.4411368 0.5526186 -0.7071146 -0.7815235 -0.6238757 0 0.4411342 -0.5526192 -0.7071157 -0.4411396 0.5526176 0.7071137 0.4411395 -0.5526177 0.7071136 0.7815179 0.6238829 -2.46213e-5 -0.4411436 0.5526229 -0.707107 -0.78152 -0.6238803 0 0.4411447 -0.5526167 -0.7071112 -0.4411463 0.5526223 0.7071058 -0.6583623 0.2580177 0.7070969 0.3648177 0.931079 0 0.6583768 -0.2580215 -0.707082 -0.3649196 -0.9310392 0 -0.6583669 0.2580204 -0.7070916 0.6583507 -0.258011 0.7071102 -0.6583151 0.2579989 0.7071477 0.3649123 0.931042 0 0.658347 -0.2580111 -0.7071135 -0.3648591 -0.9310628 0 -0.6583101 0.2579964 -0.7071533 0.6583717 -0.2580207 0.707087 -0.7098652 -0.142165 0.689841 0.6422386 0.1324979 0.7549662 0.6014403 0.1564015 -0.7834592 -0.7098582 -0.1421628 -0.6898486 0.2114755 0.6933124 0.6889094 -0.1911997 -0.6303801 0.7523721 -0.2044723 -0.5989402 -0.7742493 0.235453 0.6102734 -0.7563917 -0.4904941 0.537451 0.6859753 0.4429948 -0.4879968 0.7520738 0.4420298 -0.487909 -0.7526981 -0.487788 0.5365989 -0.6885669 0.4675133 -0.883986 0 0.07407838 -0.7202038 0.6897963 -0.06335067 0.6526983 0.7549648 -0.06335347 0.6526893 -0.7549722 0.07407921 -0.7201958 -0.6898044 0.5124312 0.4053263 0.7570502 -0.51241 -0.3728852 0.7735584 -0.5124243 -0.372879 -0.7735519 0.51244 0.4053258 -0.7570444 0.6568277 -0.3072754 0.6885923 -0.596816 0.2779551 0.7526963 -0.5968144 0.277958 -0.7526964 0.6568274 -0.3072777 -0.6885915 -0.9826925 0.1852441 0 -0.6992197 -0.1461808 0.6998022 0.6014449 0.1564002 0.7834559 0.6422335 0.1324986 -0.7549704 -0.6992215 -0.1461744 -0.6998016 0.2354512 0.610278 0.7563886 -0.20447 -0.5989443 0.7742465 -0.1912004 -0.6303819 -0.7523704 0.2114735 0.6933122 -0.6889102 -0.4877724 0.5366073 0.6885715 0.4420298 -0.487909 0.7526981 0.4429916 -0.4879938 -0.7520775 -0.4904892 0.5374442 -0.6859841 0.5265756 -0.8501284 0 0.06713956 -0.7112814 0.6996935 -0.02843838 0.620781 0.7834681 -0.02843219 0.6207795 -0.7834696 0.06714218 -0.7112766 -0.6996982 0.5997599 0.407015 0.6889317 -0.545443 -0.3696766 0.7522175 -0.5454401 -0.3696756 -0.7522202 0.5997565 0.4070163 -0.688934 0.6584426 -0.3096183 0.6859956 -0.5972017 0.2788956 0.7520422 -0.597198 0.2788871 -0.7520484 0.6584338 -0.3096169 -0.6860046 -0.9678122 0.2516733 0 0.6924189 -0.7214958 0 -0.7214965 -0.6924181 0 -0.6924204 0.7214943 0 0.7215232 0.6923903 0 -1.97497e-6 0 -1 3.55492e-6 0 1 -0.7214989 -0.6924155 0 -0.6924139 0.7215006 0 0.7215207 0.6923928 0 -3.16002e-6 0 -1 0.2564591 -0.6589516 0.7071149 0.9319208 0.3626622 4.30858e-5 -0.2564547 0.6589481 -0.7071199 -0.9319028 -0.3627083 -4.30872e-5 0.2564594 -0.6589607 -0.7071064 -0.2564604 0.6589705 0.7070968 0.2564532 -0.6589521 0.7071167 0.9319192 0.3626661 -4.00076e-5 -0.2564723 0.6589797 -0.707084 -0.9319021 -0.3627101 4.30889e-5 0.2564643 -0.658957 -0.7071081 -0.2564603 0.658939 0.7071263 -0.551583 0.4424458 0.7071053 0.6257035 0.7800611 -3.69328e-5 0.5515895 -0.4424496 -0.707098 -0.6257642 -0.7800123 -1.35424e-4 -0.5515954 0.4424519 -0.7070919 0.5515846 -0.4424405 0.7071074 -0.5516071 0.4424565 0.7070798 0.6257094 0.7800562 3.69317e-5 0.551586 -0.4424472 -0.7071021 -0.6257634 -0.780013 1.3542e-4 -0.5516067 0.4424638 -0.7070756 0.5515777 -0.4424445 0.7071103 -0.5941839 0.6448537 0.4807382 0.5092109 -0.6702884 0.5398313 0.3251135 -0.5512762 -0.7683724 -0.4205548 0.5523539 -0.7197493 0.4084565 0.5988703 0.6888525 -0.370294 -0.5446994 0.7524526 -0.3735935 -0.510766 -0.7743037 0.4066211 0.5124223 -0.7563615 -0.3080757 0.6591756 0.6859861 0.2774931 -0.5978237 0.7520669 0.276583 -0.5974445 -0.7527031 -0.3057583 0.657593 -0.6885372 -0.09557521 -0.9949359 0.03111529 0.4006276 -0.5669324 0.7197815 -0.4282727 0.475596 0.768369 -0.428276 0.47561 -0.7683586 0.4367466 -0.7603694 -0.480719 0.6099492 0.2342507 0.7570261 -0.6001801 -0.2032973 0.7735981 -0.6001992 -0.2032995 -0.7735827 0.6099721 0.2342546 -0.7570065 0.5354292 -0.4890074 0.6886127 -0.4868865 0.4431606 0.7526953 -0.4868972 0.4431722 -0.7526815 0.5354436 -0.489017 -0.6885947 -0.9777327 0.207565 -0.03091293 -0.420544 0.5523437 0.7197633 0.3251057 -0.5512611 0.7683864 0.5092139 -0.6702939 -0.5398217 -0.5941904 0.6448553 -0.480728 0.4066067 0.5124145 0.7563747 -0.3735796 -0.5107561 0.7743169 -0.3703042 -0.5447129 -0.7524379 0.4084635 0.5988851 -0.6888355 -0.3057554 0.6575788 0.688552 0.2765651 -0.5974332 0.7527187 0.2774935 -0.5978418 -0.7520522 -0.3080819 0.6591868 -0.6859725 -0.09557414 -0.9949359 -0.03111457 0.436742 -0.76037 0.4807223 -0.4865416 0.6869632 0.5397768 -0.4865438 0.6869686 -0.5397679 0.4006254 -0.56695 -0.7197688 0.6937646 0.2098668 0.688946 -0.630799 -0.1903806 0.7522287 -0.6308199 -0.1903854 -0.75221 0.693776 0.2098728 -0.6889327 0.5362758 -0.4917148 0.6860211 -0.48698 0.4441601 0.7520455 -0.4869976 0.4441697 -0.7520285 0.5362759 -0.4917244 -0.6860141 -0.9777323 0.2075673 0.03091329 -0.9506115 0.2816991 0.1303203 0.1722289 0.1294277 0.9765172 0.9506123 -0.2816933 -0.1303271 -0.1722321 -0.1294334 -0.9765158 0.258186 0.9507427 -0.171547 -0.258211 -0.9507348 0.171553 -0.950622 0.2816586 0.1303316 0.172232 0.1294273 0.9765167 0.9506196 -0.2816683 -0.1303284 -0.1722204 -0.1294261 -0.9765189 0.2581775 0.950745 -0.1715474 -0.2581845 -0.9507421 0.1715528 0.789379 -0.4537244 -0.4135397 0.5378917 -0.3091629 -0.7842773 0.7893701 -0.4537303 -0.4135501 0.5378874 -0.3091773 -0.7842746 0.810508 -0.4658541 0.355045 0.8105022 -0.4658579 0.355053 0.04897254 -0.02814823 0.9984035 0.04897308 -0.02814859 0.9984034 0.4892581 0.8512949 0.1895357 -0.4892562 -0.8512944 0.189543 -0.8105025 0.4658557 0.3550556 0.81392 0.4731562 -0.3371315 7.5553e-4 -0.941475 -0.3370817 -0.4926587 -0.8572133 -0.1499094 0.492659 0.8572131 -0.1499093 -0.8473356 -0.4728051 -0.2418214 -0.01640057 0.9702298 -0.2416303 0.4892583 0.851295 0.1895347 -0.4892579 -0.8512941 0.1895394 -0.8105045 0.4658538 0.3550531 0.8139225 0.4731554 -0.3371263 7.51346e-4 -0.9414724 -0.3370893 -0.4926586 -0.8572136 -0.1499078 0.4926594 0.857213 -0.149909 -0.7158201 -0.5780887 -0.3916826 0.1412097 0.9091569 -0.3917827 -0.8628458 0.4959375 -0.09768933 -0.5928534 0.3407744 -0.7296559 -0.8628336 0.495955 -0.09770876 -0.5928561 0.3407581 -0.7296613 -1.49973e-7 0 1 -1.49972e-7 0 1 0 0 1 1.49972e-7 0 1 0 0 1 -0.9951158 0.09871578 0 -0.9951172 0.0987004 0 -0.7734455 -0.633863 0 -0.6338486 0.7734572 0 -0.6338606 0.7734475 0 -0.7734553 -0.6338509 0 -0.09870141 -0.9951171 0 -0.09871691 -0.9951156 0 0.6338616 -0.7734466 0 0.6338496 -0.7734565 0 0.9951171 -0.09870183 0 0.9951156 -0.09871685 0 0.7734463 0.6338619 0 0.7734559 0.6338502 0 0.09870159 0.9951171 0 0.09871709 0.9951156 0 0 0 1 2.10376e-7 0 1 1.40256e-6 0 1 0 0 1 -2.80509e-7 0 1 -2.80508e-7 0 1 0 0 1 -1.2822e-6 -5.54106e-7 1 -6.41111e-7 4.32018e-7 1 2.56433e-6 0 1 1.65851e-7 0 1 -1.65851e-7 0 1 0 0 1 0 0 1 -0.7764709 0.6053721 0.1749792 -0.1209869 0.9771103 0.1749795 -0.1209682 0.9771127 0.1749792 0.7764709 -0.6053715 0.1749807 0.1209873 -0.9771095 0.1749834 0.1209658 -0.9771119 0.1749848 0.6053735 0.7764693 0.1749807 0.6053846 0.7764612 0.1749792 -0.6053701 -0.776472 0.1749814 -0.6053892 -0.7764565 0.1749839 0.9771112 0.1209793 0.1749793 0.977113 0.120967 0.1749776 -0.9771103 -0.1209877 0.1749789 -0.776458 0.6053885 0.1749801 -0.9771127 -0.1209662 0.1749802 0.7764613 -0.6053842 0.1749798 0.7774264 -0.6061224 -0.1680001 0.7774144 -0.6061376 -0.1680011 0.1211138 -0.9783188 -0.1679995 -0.7774333 0.6061137 -0.1679989 -0.7774182 0.6061325 -0.1680014 -0.121119 0.9783182 -0.1679993 0.1211388 -0.978316 -0.1679978 -0.6061327 -0.7774188 -0.1679979 -0.1211366 0.9783159 -0.1679999 0.6061335 0.7774176 -0.1680004 -0.6061225 -0.7774262 -0.1680006 -0.9783187 -0.1211118 -0.1680011 0.9783163 0.1211308 -0.1680016 0.9783186 0.1211131 -0.1680012 0.6061214 0.7774269 -0.1680015 -0.9783167 -0.1211274 -0.1680017 -0.9623875 0.01839226 0.2710572 0.2563211 -0.2692677 0.9283289 0.9623842 -0.01842314 -0.2710669 -0.2563384 0.2692692 -0.9283237 0.09005057 0.9628883 0.2544351 -0.09008735 -0.9628882 -0.2544224 -0.962391 0.01835101 0.2710477 0.2563317 -0.2692748 0.9283239 0.9623887 -0.01838791 -0.2710534 -0.2563291 0.2692564 -0.92833 0.09005165 0.9628894 0.25443 -0.09008777 -0.9628892 -0.2544181 -0.9844104 -0.09300553 0.1492859 0.1734304 -0.3717885 0.9119734 0.9844089 0.09304523 -0.1492716 -0.17343 0.3717825 -0.9119759 -0.02935242 0.9236496 0.3821123 0.02938503 -0.9236449 -0.3821216 -0.9844098 -0.09301209 0.1492857 0.173421 -0.3717893 0.9119747 0.9844074 0.09306108 -0.1492705 -0.173422 0.371787 -0.9119755 -0.02935177 0.9236456 0.3821223 0.02938359 -0.9236472 -0.3821161 -0.9948454 -0.08044379 -0.06173688 -0.01658725 -0.4714221 0.8817517 0.9948454 0.08044534 0.06173628 0.01660603 0.4714035 -0.8817614 -0.1000625 0.8782339 0.4676461 0.100091 -0.878233 -0.4676414 -0.9948453 -0.08044546 -0.06173694 -0.01661181 -0.4714034 0.8817613 0.9948446 0.08045244 0.06173986 0.01660865 0.471409 -0.8817583 -0.1000595 0.8782336 0.4676472 0.1000573 -0.8782343 -0.4676464 -0.4761831 -0.8793462 0 -0.8793441 0.476187 0 0.4761882 0.8793435 0 0.8793452 -0.4761849 0 -3.70316e-7 -1.22449e-7 1 3.35601e-7 0 -1 -0.8793458 0.4761839 0 0.8793437 -0.4761878 0 0 0 1 1.62014e-7 0 -1 -0.4761829 -0.8793463 0 -0.8793445 0.4761862 0 0.4761882 0.8793435 0 0.8793445 -0.4761862 0 2.77737e-7 1.83946e-7 -1 -0.8793456 0.4761841 0 0.8793441 -0.4761869 0 -3.70317e-7 -1.2245e-7 1 1.27296e-7 0 -1 3.06231e-7 0.9588649 -0.2838632 0.6168308 0.6168412 -0.4889037 0 0.8723381 -0.4889033 0.6780221 0.6780197 -0.2838581 0.8723381 -1.71135e-7 -0.4889034 0.6780217 -0.6780201 -0.2838581 0.6168365 -0.6168353 -0.488904 0 -0.8723374 -0.4889044 -0.6780208 -0.6780207 -0.2838589 -0.6168364 -0.6168353 -0.4889039 -0.8723381 -1.89149e-7 -0.4889034 0.9977936 -2.1609e-7 0.06639349 0.7055484 -0.7055447 0.06639522 -0.6780213 0.6780202 -0.2838587 -0.6168308 0.6168412 -0.4889037 -0.9977933 0 0.06639701 -0.63893 0.6389195 0.4284279 -0.7055446 0.7055483 0.06639611 -0.9588642 0 -0.2838654 3.07925e-7 -0.9977933 0.06639653 3.28106e-7 -0.9588651 -0.2838624 0.958865 0 -0.2838627 -0.7055459 -0.7055471 0.0663954 2.25273e-6 0.9977934 0.06639528 0.7055484 0.7055446 0.06639522 0.9035781 -1.64284e-7 0.4284234 0.68838 0.6883836 0.2286067 0.9735186 -6.17043e-7 0.2286081 -0.6389244 -0.6389276 0.4284239 0.6389176 -0.6389316 0.4284282 0.6389179 0.6389314 0.4284282 -7.78719e-6 0.903576 0.428428 -0.9035741 0 0.4284321 1.10622e-6 -0.9035741 0.4284321 -0.6883804 0.6883787 0.2286206 -0.6883808 -0.6883788 0.228619 0.6883804 -0.6883838 0.228605 4.93635e-6 0.9735175 0.2286123 -0.9735192 -6.3761e-7 0.2286059 4.7101e-6 -0.9735181 0.2286099 -0.9560124 -5.11054e-7 -0.2933264 -0.6760108 -0.6759974 -0.2933205 0.67601 -0.6759878 -0.2933444 1.25284e-6 -0.9560096 -0.2933353 0.9560093 -4.67095e-7 -0.2933365 -0.06373864 0.063739 -0.9959291 0.8143393 -2.48328e-7 -0.5803892 0.5758474 -0.5758307 -0.580361 -0.06373858 -0.06373894 -0.9959292 -0.09013921 0 -0.9959292 0 -0.09013986 -0.9959291 0.5758478 0.5758306 -0.5803607 -0.5758464 0.5758303 -0.5803624 -1.05537e-6 0.8143833 -0.5803274 -0.676012 0.6759976 -0.2933173 1.25284e-6 0.956011 -0.293331 0.6760113 0.675988 -0.2933411 -7.89288e-7 0.9783473 0.2069699 -0.8143386 -1.89898e-7 -0.58039 -0.6917957 -0.6917977 0.2069655 -0.9783459 -3.11812e-7 0.2069765 -7.35694e-7 -0.9783472 0.2069705 -1.00911e-6 -0.8143838 -0.5803266 0.6917952 0.691797 0.2069695 0.9783459 -3.11812e-7 0.2069764 -0.6917959 0.6917972 0.2069664 -0.575846 -0.5758305 -0.5803624 0.6917951 -0.6917975 0.2069686 0 0.09013986 -0.9959291 0.063739 0.06373953 -0.995929 0.09013968 0 -0.9959291 0.06373894 -0.06373935 -0.9959291 0 0 -1 0 0 -1 0 0 -1 0 0 -1 -5.0571e-7 0 -1 5.0571e-7 0 -1 -0.9526112 0.3041908 0 0.3041936 0.9526103 0 0.9526104 -0.3041934 0 -0.3041938 -0.9526102 0 1.30699e-7 0 1 -0.9526113 0.3041903 0 0.3041932 0.9526104 0 0.9526105 -0.3041929 0 -0.3041935 -0.9526103 0 2.61397e-7 0 1 2.49644e-7 1 0 2.49644e-7 1 0 -0.9526113 0.3041903 0 0.3041903 0.9526113 0 0.9526101 -0.304194 0 -0.3041915 -0.952611 0 -0.952611 0.3041914 0 0.3041914 0.952611 0 0.9526098 -0.3041951 0 -0.3041926 -0.9526106 0 8.5742e-6 0.9629023 0.2698506 0.6580346 0.6580337 0.3660356 0.6808811 0.6808685 0.2698503 0.9629023 -6.2301e-6 0.2698503 0.9306011 -3.82609e-6 0.3660351 0.6808755 -0.6808733 0.2698519 0.6580308 -0.658038 0.366035 -2.35982e-7 -0.9629028 0.2698487 -0.6580316 -0.6580369 0.3660354 -0.6808763 -0.6808725 0.2698521 -0.9306011 0 0.3660349 -0.962903 0 0.2698479 -0.6808712 0.6808784 0.2698503 -0.6580316 0.6580372 0.366035 -0.68946 0.6894806 -0.2219491 -2.7074e-6 0.9799168 -0.1994073 1.49948e-5 0.9750583 -0.2219493 -2.93635e-6 0.9999979 0.002063333 -0.7071089 0.7071017 0.002064526 -0.9750583 1.38204e-5 -0.2219493 -0.6929022 0.6929093 -0.1994075 -0.9999979 -1.30749e-7 0.002064526 -0.6894814 -0.6894588 -0.2219505 -0.9799167 -2.8617e-6 -0.1994075 -0.7071074 -0.7071031 0.002065837 -1.46842e-5 -0.9750583 -0.2219491 -0.6928981 -0.6929133 -0.1994079 -1.85226e-7 -0.9999979 0.002062499 0.68946 -0.6894806 -0.2219493 2.68681e-6 -0.9799167 -0.1994078 0.7071069 -0.7071037 0.002066075 0.975058 -1.55189e-5 -0.2219504 0.6929011 -0.6929103 -0.1994076 0.9999979 4.79408e-6 0.002064704 0.6894816 0.6894588 -0.2219501 0.9799166 -6.18675e-6 -0.1994078 0.7071033 0.7071073 0.002065718 0.6929042 0.6929075 -0.199407 1.69842e-6 0.9306013 0.3660345 -1.30648e-7 -0.9306018 0.366033 4.14337e-6 0.9306014 0.3660343 0.6808727 0.6808761 0.2698521 -2.29691e-6 0.9629028 0.2698486 0.6580375 0.6580317 0.3660344 0.9629023 1.13117e-5 0.2698503 0.9306013 -3.24751e-6 0.3660345 0.6808822 -0.6808674 0.2698498 0.6580321 -0.6580375 0.3660334 -6.50262e-7 -0.9629028 0.2698486 -0.6580324 -0.6580371 0.3660336 -0.6808765 -0.6808726 0.2698514 -0.9306018 -3.3035e-6 0.3660331 -0.9629026 -5.97313e-6 0.2698494 -0.6580348 0.6580345 0.3660338 -0.6808813 0.6808685 0.2698495 -0.6929121 0.6928994 -0.1994077 -1.41116e-5 0.9750583 -0.2219492 -0.6894705 0.6894704 -0.2219482 -0.7071017 0.7071089 0.002064585 2.90916e-6 0.9999979 0.002063214 -0.9750583 1.44125e-5 -0.2219491 -0.9999979 5.47506e-6 0.002064585 -0.6894809 -0.6894598 -0.2219491 -0.9799168 -1.13441e-5 -0.1994075 -0.7071056 -0.7071049 0.002064585 -1.50918e-5 -0.9750583 -0.2219489 -0.692904 -0.6929075 -0.1994076 1.97212e-6 -0.9999979 0.002063393 0.6894595 -0.689481 -0.2219496 -6.19704e-6 -0.9799166 -0.1994077 0.7071028 -0.7071077 0.002066075 0.975058 1.64985e-7 -0.2219505 0.6929074 -0.6929041 -0.1994074 0.9999979 -5.85641e-6 0.002064764 0.692902 0.6929094 -0.1994078 0.68946 0.6894805 -0.2219496 0.7071072 0.7071034 0.002065956 -5.23969e-6 0.9799166 -0.1994079 0.9799166 8.54415e-6 -0.1994081 -1.08251e-6 -0.930602 0.3660327 -0.05635631 -1.6752e-7 -0.9984108 -0.06373453 0.06373512 -0.9959297 -0.03984874 0.03984981 -0.9984109 -0.06373494 -0.06373518 -0.9959297 -0.09013646 -1.24817e-7 -0.9959294 3.38603e-7 -0.05635553 -0.9984108 -0.03984886 -0.03984934 -0.9984109 0.03984957 -0.03984916 -0.9984108 1.11266e-6 -0.09013414 -0.9959297 0 0.05635577 -0.9984108 4.39218e-7 0.09013432 -0.9959297 0.03984951 0.03984928 -0.9984108 0.06373524 0.06373459 -0.9959296 0.09013295 -1.52064e-7 -0.9959298 0.05635416 -2.92267e-7 -0.9984109 0.063735 -0.06373417 -0.9959297 -2.38623e-7 2.15886e-7 1 -2.15188e-7 0 1 -5.98498e-7 0 1 -3.98101e-7 -2.15886e-7 1 -8.64478e-7 -2.72283e-7 1 -1.68897e-6 4.08407e-7 1 -4.22244e-7 -4.08408e-7 1 -3.61872e-7 2.72283e-7 1 -1.40736e-7 4.81321e-7 1 -8.44486e-7 0 1 -3.05643e-7 0 1 -1.64893e-7 -2.15886e-7 1 -3.05643e-7 0 1 -1.40736e-7 -2.72283e-7 1 -8.44486e-7 4.08407e-7 1 -1.64893e-7 0 1</float_array>
          <technique_common>
            <accessor source="#umay_blacksmith_props_02-mesh-normals-array" count="706" stride="3">
              <param name="X" type="float"/>
              <param name="Y" type="float"/>
              <param name="Z" type="float"/>
            </accessor>
          </technique_common>
        </source>
        <source id="umay_blacksmith_props_02-mesh-map-0">
          <float_array id="umay_blacksmith_props_02-mesh-map-0-array" count="6384">0.409084 0.07949787 0.4041616 0.07096457 0.4095295 0.07173854 0.4041616 0.07096457 0.3973581 0.07819443 0.3986551 0.06991624 0.3973581 0.07819443 0.3930166 0.06852954 0.3986551 0.06991624 0.3930166 0.06852954 0.3838881 0.07551062 0.387319 0.06658208 0.3838881 0.07551062 0.3818082 0.06362372 0.387319 0.06658208 0.4289819 0.07861804 0.419991 0.07199811 0.4250599 0.07061034 0.3973581 0.07819443 0.3901435 0.08642429 0.3909949 0.07715368 0.419991 0.07199811 0.4149252 0.07982206 0.4147879 0.07216709 0.4147879 0.07216709 0.409084 0.07949787 0.4095295 0.07173854 0.4210341 0.08924525 0.4135558 0.09455204 0.4145393 0.08823502 0.4212318 0.07973039 0.4289819 0.09090787 0.4210341 0.08924525 0.3838881 0.07551062 0.3901435 0.08642429 0.3824338 0.08631759 0.4212318 0.07973039 0.4145393 0.08823502 0.4149252 0.07982206 0.3973581 0.07819443 0.4027637 0.08703529 0.3967255 0.08666694 0.3755138 0.07245814 0.3824338 0.08631759 0.3722479 0.08641165 0.4149252 0.07982206 0.4085983 0.08754271 0.409084 0.07949787 0.409084 0.07949787 0.4027637 0.08703529 0.4033097 0.07894444 0.4025391 0.09327042 0.396852 0.1032958 0.3968236 0.09324711 0.3722479 0.08641165 0.3837503 0.09485918 0.3748418 0.09791409 0.3901435 0.08642429 0.3968236 0.09324711 0.3906829 0.09368306 0.4027637 0.08703529 0.4080525 0.09368443 0.4025391 0.09327042 0.4145393 0.08823502 0.4080525 0.09368443 0.4085983 0.08754271 0.4210341 0.08924525 0.4252879 0.09897017 0.4192485 0.09611666 0.3901435 0.08642429 0.3837503 0.09485918 0.3824338 0.08631759 0.4027637 0.08703529 0.3968236 0.09324711 0.3967255 0.08666694 0.4192485 0.09611666 0.4110061 0.1031903 0.4135558 0.09455204 0.3837503 0.09485918 0.3824273 0.1074206 0.3748418 0.09791409 0.3906829 0.09368306 0.396852 0.1032958 0.3918638 0.1042297 0.4025391 0.09327042 0.4064303 0.1027824 0.401718 0.1028231 0.4080525 0.09368443 0.4110061 0.1031903 0.4064303 0.1027824 0.4192485 0.09611666 0.4195839 0.1054041 0.4154925 0.1040728 0.3906829 0.09368306 0.3869158 0.1056734 0.3837503 0.09485918 0.4154925 0.1040728 0.4192669 0.107217 0.4149659 0.105954 0.3824273 0.1074206 0.3874934 0.107671 0.3828614 0.1092289 0.3869158 0.1056734 0.3923017 0.1062851 0.3874934 0.107671 0.3918638 0.1042297 0.3971042 0.1053199 0.3923017 0.1062851 0.4154925 0.1040728 0.4106845 0.1050527 0.4110061 0.1031903 0.4110061 0.1031903 0.4063155 0.1046843 0.4064303 0.1027824 0.4064303 0.1027824 0.4017893 0.1047862 0.401718 0.1028231 0.401718 0.1028231 0.3971042 0.1053199 0.396852 0.1032958 0.3960165 0.1096439 0.4002135 0.1128931 0.395673 0.1117922 0.4097833 0.1154066 0.4045233 0.114697 0.4055196 0.1127631 0.3811392 0.110826 0.377508 0.114697 0.3765116 0.1127631 0.3860146 0.1096439 0.3910156 0.1114221 0.3863582 0.1117922 0.400892 0.110826 0.4045233 0.114697 0.4002135 0.1128931 0.3765116 0.1127631 0.3735372 0.117159 0.3722479 0.1154066 0.3860146 0.1096439 0.3818176 0.1128931 0.3811392 0.110826 0.3910156 0.1092466 0.395673 0.1117922 0.3910156 0.1114221 0 0 0 0 0 0 0 0 0 0 0 0 0 0 0 0 0 0 0 0 0 0 0 0 0.7010734 0.6465829 0.6192392 0.728417 0.6192392 0.6465829 0.7010734 0.6465829 0.6192392 0.728417 0.6192392 0.6465829 0.7010734 0.6465829 0.6192392 0.728417 0.6192392 0.6465829 0.7010734 0.6465829 0.6192392 0.728417 0.6192392 0.6465829 0.7010734 0.6465829 0.6192392 0.728417 0.6192392 0.6465829 0.7010734 0.6465829 0.6192392 0.728417 0.6192392 0.6465829 0.5783333 0.9492046 0.5835139 0.9932393 0.5783334 0.9932393 0.7077514 0.9923183 0.7025708 0.9482836 0.7077514 0.9482836 0.6818486 0.9923183 0.6766681 0.9482836 0.6818486 0.9482836 0.6405 0.9492046 0.6456806 0.9932393 0.6405 0.9932393 0.5731528 0.9492046 0.5783333 0.9932393 0.5731528 0.9932393 0.6922097 0.9923183 0.6870292 0.9482836 0.6922097 0.9482836 0.6766681 0.9923183 0.6714875 0.9482836 0.6766681 0.9482836 0.6042361 0.9492046 0.6094167 0.9932393 0.6042361 0.9932393 0.5835139 0.9492046 0.5886945 0.9932393 0.5835139 0.9932393 0.7025708 0.9923183 0.6973903 0.9482836 0.7025708 0.9482836 0.6714875 0.9923183 0.6663069 0.9482836 0.6714875 0.9482836 0.6353195 0.9492046 0.6405 0.9932393 0.6353195 0.9932393 0.5886945 0.9492046 0.593875 0.9932393 0.5886945 0.9932393 0.6301389 0.9492046 0.6353195 0.9932393 0.6301389 0.9932393 0.6663069 0.9923183 0.6611264 0.9482836 0.6663069 0.9482836 0.6145972 0.9492046 0.6197778 0.9932393 0.6145973 0.9932393 0.7010734 0.6465829 0.6192392 0.728417 0.6192392 0.6465829 0.7010734 0.6465829 0.6192392 0.728417 0.6192392 0.6465829 0.7010734 0.6465829 0.6192392 0.728417 0.6192392 0.6465829 0.7010734 0.6465829 0.6192392 0.728417 0.6192392 0.6465829 0.7010734 0.6465829 0.6192392 0.728417 0.6192392 0.6465829 0.7010734 0.6465829 0.6192392 0.728417 0.6192392 0.6465829 0.6197778 0.9492046 0.6249584 0.9932393 0.6197779 0.9932393 0.7181125 0.9923183 0.7129319 0.9482836 0.7181125 0.9482836 0.6973903 0.9923183 0.6922097 0.9482836 0.6973903 0.9482836 0.6456806 0.9492046 0.6508611 0.9932393 0.6456806 0.9932393 0.6094167 0.9492046 0.6145972 0.9932393 0.6094167 0.9932393 0.6249584 0.9492046 0.6301389 0.9932393 0.6249584 0.9932393 0.6870291 0.9923183 0.6818486 0.9482836 0.6870291 0.9482836 0.5990556 0.9492046 0.6042361 0.9932393 0.5990556 0.9932393 0.593875 0.9492046 0.5990556 0.9932393 0.593875 0.9932393 0.7129319 0.9923183 0.7077514 0.9482836 0.7129319 0.9482837 0.6560417 0.9932393 0.6508611 0.9492046 0.6560417 0.9492046 0.6560417 0.9492046 0.6612222 0.9932393 0.6560418 0.9932393 0.5255299 0.9500423 0.5306833 0.9938468 0.5255299 0.9938468 0.6031135 0.9499015 0.608267 0.993706 0.6031135 0.993706 0.6649552 0.993706 0.6598018 0.9499015 0.6649552 0.9499015 0.5461438 0.9500423 0.5512973 0.9938468 0.5461438 0.9938468 0.6710013 0.5789987 0.6180612 0.6319388 0.6180612 0.5789987 0.6710013 0.5789987 0.6180612 0.6319388 0.6180612 0.5789987 0.6710013 0.5789987 0.6180612 0.6319388 0.6180612 0.5789987 0.6710013 0.5789987 0.6180612 0.6319388 0.6180612 0.5789987 0.6710013 0.5789987 0.6180612 0.6319388 0.6180612 0.5789987 0.6710013 0.5789987 0.6180612 0.6319388 0.6180612 0.5789987 0.5203764 0.9500423 0.5255299 0.9938468 0.5203764 0.9938468 0.6598018 0.993706 0.6546483 0.9499015 0.6598018 0.9499015 0.6443414 0.993706 0.6391879 0.9499015 0.6443414 0.9499015 0.592525 0.9500423 0.5976785 0.9938468 0.5925251 0.9938468 0.5152229 0.9500423 0.5203764 0.9938468 0.5152229 0.9938468 0.6546483 0.993706 0.6494948 0.9499015 0.6546483 0.9499015 0.6340344 0.993706 0.6288809 0.9499015 0.6340343 0.9499015 0.5564507 0.9500423 0.5616042 0.9938468 0.5564507 0.9938468 0.5306833 0.9500423 0.5358368 0.9938468 0.5306834 0.9938468 0.6701087 0.993706 0.6649552 0.9499015 0.6701087 0.9499015 0.6288809 0.993706 0.6237275 0.9499015 0.6288809 0.9499015 0.5873715 0.9500423 0.592525 0.9938468 0.5873716 0.9938468 0.5358368 0.9500423 0.5409903 0.9938468 0.5358368 0.9938468 0.5822181 0.9500423 0.5873716 0.9938468 0.5822181 0.9938468 0.6237275 0.993706 0.618574 0.9499015 0.6237274 0.9499015 0.5616042 0.9500423 0.5667576 0.9938468 0.5616042 0.9938468 0.6710013 0.5789987 0.6180612 0.6319388 0.6180612 0.5789987 0.6710013 0.5789987 0.6180612 0.6319388 0.6180612 0.5789987 0.6710013 0.5789987 0.6180612 0.6319388 0.6180612 0.5789987 0.6710013 0.5789987 0.6180612 0.6319388 0.6180612 0.5789987 0.6710013 0.5789987 0.6180612 0.6319388 0.6180612 0.5789987 0.6710013 0.5789987 0.6180612 0.6319388 0.6180612 0.5789987 0.5719112 0.9500423 0.5770646 0.9938468 0.5719112 0.9938468 0.6804156 0.993706 0.6752622 0.9499015 0.6804156 0.9499015 0.6494948 0.993706 0.6443414 0.9499015 0.6494948 0.9499015 0.5976785 0.9500423 0.602832 0.9938468 0.5976785 0.9938468 0.5667576 0.9500423 0.5719112 0.9938468 0.5667577 0.9938468 0.5770646 0.9500423 0.5822181 0.9938468 0.5770646 0.9938468 0.6391879 0.993706 0.6340344 0.9499015 0.6391879 0.9499015 0.5512973 0.9500423 0.5564507 0.9938468 0.5512973 0.9938468 0.5409903 0.9500423 0.5461438 0.9938468 0.5409904 0.9938468 0.6752622 0.993706 0.6701087 0.9499015 0.6752622 0.9499015 0.6134205 0.993706 0.608267 0.9499015 0.6134204 0.9499015 0.6134205 0.9499015 0.618574 0.993706 0.6134205 0.993706 0.7123992 0.6971961 0.7103482 0.6971961 0.7103481 0.63299 0.7311584 0.7509331 0.7332095 0.7509331 0.7332095 0.7788119 0.7143344 0.7230541 0.7163854 0.7230541 0.7163854 0.7864935 0.6295996 0.7746854 0.6316508 0.7746854 0.6316508 0.8027009 0.5626775 0.63299 0.5907209 0.63299 0.5907209 0.6971961 0.6468076 0.63299 0.674851 0.6329901 0.674851 0.697196 0.7123992 0.63299 0.7123992 0.6971961 0.7103481 0.63299 0.7311584 0.7788119 0.7311584 0.7509331 0.7332095 0.7788119 0.7143344 0.7864935 0.7143344 0.7230541 0.7163854 0.7864935 0.6295996 0.8027009 0.6295996 0.7746854 0.6316508 0.8027009 0.5626775 0.6971961 0.5626775 0.63299 0.5907209 0.6971961 0.6468076 0.697196 0.6468076 0.63299 0.674851 0.697196 0.7255632 0.6873483 0.721859 0.7145273 0.721859 0.6873483 0.6318941 0.8004822 0.6355803 0.7733032 0.6355803 0.8004822 0.6355803 0.8004823 0.6392404 0.7733032 0.6392404 0.8004822 0.7237941 0.7230541 0.7200898 0.7502331 0.7200898 0.7230541 0.7255632 0.7145273 0.721859 0.7145273 0.7255632 0.6873483 0.6318941 0.7733032 0.6355803 0.7733032 0.6318941 0.8004822 0.6355803 0.7733032 0.6392404 0.7733032 0.6355803 0.8004823 0.7237941 0.7502331 0.7200898 0.7502331 0.7237941 0.7230541 0.7181547 0.6873483 0.721859 0.6601691 0.721859 0.6873483 0.7255633 0.6601691 0.7292496 0.63299 0.7292495 0.6601691 0.7292495 0.6873483 0.7329096 0.6601691 0.7329096 0.6873483 0.7237941 0.7774121 0.7274984 0.7502331 0.7274984 0.7774121 0.7181547 0.6601691 0.721859 0.6601691 0.7181547 0.6873483 0.7255633 0.63299 0.7292496 0.63299 0.7255633 0.6601691 0.7292495 0.6601691 0.7329096 0.6601691 0.7292495 0.6873483 0.7237941 0.7502331 0.7274984 0.7502331 0.7237941 0.7774121 0.7181547 0.7145273 0.7181547 0.6873483 0.721859 0.6873483 0.6601083 0.7712197 0.6601083 0.7983987 0.656422 0.7983987 0.7274984 0.7774121 0.7274984 0.7502331 0.7311584 0.7502331 0.5840524 0.7830896 0.5840524 0.7559106 0.5877568 0.7559106 0.721859 0.7145273 0.7181547 0.7145273 0.721859 0.6873483 0.656422 0.7712197 0.6601083 0.7712197 0.656422 0.7983987 0.7311584 0.7774121 0.7274984 0.7774121 0.7311584 0.7502331 0.5877568 0.7830896 0.5840524 0.7830896 0.5877568 0.7559106 0.721859 0.63299 0.721859 0.6601692 0.7181548 0.6601692 0.643143 0.7712208 0.643143 0.7983999 0.6394566 0.7983999 0.7292496 0.6601692 0.7292496 0.63299 0.7329096 0.63299 0.7181547 0.6601691 0.7181547 0.6873483 0.7144503 0.6873483 0.7181547 0.63299 0.721859 0.63299 0.7181548 0.6601692 0.6394567 0.7712208 0.643143 0.7712208 0.6394566 0.7983999 0.7329096 0.6601692 0.7292496 0.6601692 0.7329096 0.63299 0.7144503 0.6601691 0.7181547 0.6601691 0.7144503 0.6873483 0.7123992 0.63299 0.7144503 0.63299 0.7144503 0.6971961 0.7311584 0.7230541 0.7332095 0.7230541 0.7332095 0.7509331 0.7082971 0.63299 0.7103481 0.63299 0.7103481 0.6964296 0.6488804 0.7992364 0.6468293 0.7992364 0.6468293 0.7712208 0.5907209 0.63299 0.6187642 0.63299 0.6187643 0.6971961 0.6187643 0.63299 0.6468076 0.6329901 0.6468076 0.697196 0.7123993 0.6971961 0.7123992 0.63299 0.7144503 0.6971961 0.7311584 0.7509331 0.7311584 0.7230541 0.7332095 0.7509331 0.7082971 0.6964296 0.7082971 0.63299 0.7103481 0.6964296 0.6488804 0.7712208 0.6488804 0.7992364 0.6468293 0.7712208 0.5907209 0.6971961 0.5907209 0.63299 0.6187643 0.6971961 0.6187643 0.697196 0.6187643 0.63299 0.6468076 0.697196 0.5799971 0.7388879 0.5626775 0.7561883 0.5626775 0.7388866 0.5799971 0.7388879 0.5799971 0.7561896 0.5626775 0.7561883 0.6650978 0.7448162 0.6823032 0.762118 0.6650978 0.762118 0.6650978 0.7448162 0.6823032 0.7448162 0.6823032 0.762118 0.6222795 0.7562793 0.6393874 0.7388866 0.6393874 0.7561764 0.6222795 0.7562793 0.6222795 0.7389895 0.6393874 0.7388866 0.6222795 0.7561884 0.6049628 0.7388866 0.6222795 0.7388866 0.6222795 0.7561884 0.6049628 0.7561884 0.6049628 0.7388866 0.5877568 0.7388866 0.6049628 0.7561884 0.5877568 0.7561884 0.5877568 0.7388866 0.6049628 0.7388866 0.6049628 0.7561884 0.452186 0.2209843 0.452186 0.2161089 0.4517902 0.2161089 0.4502348 0.213218 0.4498393 0.213218 0.4498393 0.2136133 0.4534152 0.2209843 0.4534152 0.2161089 0.4530195 0.2161089 0.4517667 0.2136896 0.4521623 0.2136896 0.4521623 0.2132943 0.4505469 0.2209843 0.4505469 0.2161067 0.4501512 0.2209843 0.4509707 0.2161067 0.4509707 0.2209843 0.4513665 0.2209843 0.4517902 0.2209843 0.452186 0.2209843 0.4517902 0.2161089 0.4502348 0.2136133 0.4502348 0.213218 0.4498393 0.2136133 0.4530195 0.2209843 0.4534152 0.2209843 0.4530195 0.2161089 0.4517667 0.2132943 0.4517667 0.2136896 0.4521623 0.2132943 0.4505469 0.2161067 0.4501512 0.2161067 0.4501512 0.2209843 0.4513665 0.2161067 0.4509707 0.2161067 0.4513665 0.2209843 0.4542329 0.2209843 0.4542329 0.2161592 0.4538371 0.2161593 0.4564777 0.2135746 0.4568693 0.2135746 0.4568693 0.2131792 0.4538231 0.2209842 0.4538231 0.2161065 0.4534292 0.2161067 0.4506521 0.2131727 0.4502606 0.2131727 0.4502606 0.213568 0.4493317 0.2161067 0.4493317 0.2209843 0.4497274 0.2209843 0.450561 0.2161067 0.4505609 0.2209843 0.4509567 0.2209843 0.4538371 0.2209843 0.4542329 0.2209843 0.4538371 0.2161593 0.4564777 0.2131792 0.4564777 0.2135746 0.4568693 0.2131792 0.4534293 0.2209843 0.4538231 0.2209842 0.4534292 0.2161067 0.4506521 0.213568 0.4506521 0.2131727 0.4502606 0.213568 0.4497274 0.2161067 0.4493317 0.2161067 0.4497274 0.2209843 0.4509567 0.2161067 0.450561 0.2161067 0.4509567 0.2209843 0.7237941 0.7502331 0.7274984 0.7230541 0.7274984 0.7502331 0.7255632 0.7145273 0.7292495 0.6873483 0.7292495 0.7145273 0.6222795 0.8018645 0.6259396 0.7746854 0.6259396 0.8018645 0.7200898 0.7774121 0.7237941 0.7502331 0.7237941 0.7774121 0.7237941 0.7230541 0.7274984 0.7230541 0.7237941 0.7502331 0.7255632 0.6873483 0.7292495 0.6873483 0.7255632 0.7145273 0.6222795 0.7746854 0.6259396 0.7746854 0.6222795 0.8018645 0.7200898 0.7502331 0.7237941 0.7502331 0.7200898 0.7774121 0.7163854 0.7774121 0.7200897 0.7502331 0.7200898 0.7774121 0.7255632 0.6873481 0.7292495 0.6601691 0.7292495 0.6873483 0.6259396 0.8018645 0.6295996 0.7746854 0.6295996 0.8018645 0.721859 0.6601691 0.7255633 0.63299 0.7255633 0.6601691 0.7163854 0.7502331 0.7200897 0.7502331 0.7163854 0.7774121 0.7255632 0.6601691 0.7292495 0.6601691 0.7255632 0.6873481 0.6259396 0.7746854 0.6295996 0.7746854 0.6259396 0.8018645 0.721859 0.63299 0.7255633 0.63299 0.721859 0.6601691 0.7163854 0.7502331 0.7163854 0.7230541 0.7200897 0.7230541 0.6601083 0.7983987 0.6601083 0.7712197 0.6637946 0.7712197 0.7274984 0.7502331 0.7274984 0.7230541 0.7311584 0.7230541 0.7144503 0.6601691 0.7144503 0.63299 0.7181547 0.63299 0.7200898 0.7502331 0.7163854 0.7502331 0.7200897 0.7230541 0.6637946 0.7983987 0.6601083 0.7983987 0.6637946 0.7712197 0.7311584 0.7502331 0.7274984 0.7502331 0.7311584 0.7230541 0.7181547 0.6601691 0.7144503 0.6601691 0.7181547 0.63299 0.721859 0.6873483 0.721859 0.6601691 0.7255633 0.6601691 0.6468293 0.7712208 0.6468293 0.7983999 0.643143 0.7983999 0.7292495 0.7145273 0.7292495 0.6873483 0.7329095 0.6873483 0.7144503 0.7145273 0.7144503 0.6873483 0.7181547 0.6873483 0.7255633 0.6873483 0.721859 0.6873483 0.7255633 0.6601691 0.643143 0.7712208 0.6468293 0.7712208 0.643143 0.7983999 0.7329095 0.7145273 0.7292495 0.7145273 0.7329095 0.6873483 0.7181547 0.7145273 0.7144503 0.7145273 0.7181547 0.6873483 0.4586384 0.2209841 0.4589906 0.2209843 0.4589906 0.2158012 0.4530197 0.2130877 0.4530197 0.2134386 0.4533702 0.2130904 0.4549651 0.2157546 0.454613 0.2157547 0.454613 0.2209843 0.457232 0.2132199 0.4568833 0.2132243 0.4568833 0.2135746 0.4549791 0.2209843 0.4553313 0.2209843 0.4553313 0.2157545 0.4542469 0.2209843 0.454599 0.2209843 0.454599 0.2157547 0.4586384 0.215801 0.4586384 0.2209841 0.4589906 0.2158012 0.4530197 0.2134386 0.4533702 0.2134412 0.4533702 0.2130904 0.4549651 0.2209843 0.4549651 0.2157546 0.454613 0.2209843 0.457232 0.2135701 0.457232 0.2132199 0.4568833 0.2135746 0.4549791 0.2157545 0.4549791 0.2209843 0.4553313 0.2157545 0.4542469 0.2157546 0.4542469 0.2209843 0.454599 0.2157547 0.4575278 0.2209843 0.4575278 0.2157552 0.4571759 0.2157549 0.4513198 0.2131822 0.4513198 0.2135341 0.4516719 0.2135339 0.4560635 0.2209843 0.4560635 0.2157555 0.4557114 0.2157554 0.4552317 0.2135534 0.4555838 0.2135534 0.4552316 0.2132017 0.4579077 0.2157673 0.4579077 0.2209843 0.4582594 0.220983 0.4567957 0.2209842 0.4567957 0.2157554 0.4564436 0.2157555 0.4571758 0.2209841 0.4575278 0.2209843 0.4571759 0.2157549 0.4516719 0.2131823 0.4513198 0.2131822 0.4516719 0.2135339 0.4557114 0.2209842 0.4560635 0.2209843 0.4557114 0.2157554 0.4555838 0.2135534 0.4555838 0.2132016 0.4552316 0.2132017 0.4582594 0.215766 0.4579077 0.2157673 0.4582594 0.220983 0.4564436 0.2209843 0.4567957 0.2209842 0.4564436 0.2157555 0.4564238 0.2157405 0.4564238 0.2149937 0.456145 0.2156344 0.4501604 0.2141947 0.4501604 0.2136273 0.449853 0.2140642 0.4506905 0.2137272 0.4506784 0.2140921 0.4509966 0.2141613 0.4555838 0.2138814 0.455305 0.2139876 0.4555838 0.2146282 0.4567169 0.2149279 0.4567169 0.2142358 0.4564383 0.2143446 0.4516719 0.2135485 0.4511042 0.2135481 0.4512495 0.2138479 0.452715 0.2132866 0.4527056 0.2137089 0.4530055 0.2132868 0.452725 0.2138847 0.4527282 0.2144525 0.4530055 0.2138684 0.4498254 0.2149184 0.4498254 0.21412 0.4495481 0.2142295 0.4498254 0.214106 0.4498254 0.2135288 0.4495199 0.2136598 0.4564777 0.2137181 0.4564781 0.2140328 0.4567838 0.2135885 0.4535447 0.2142295 0.4535458 0.2148088 0.4538231 0.2141199 0.4542747 0.2133327 0.454599 0.213285 0.4543092 0.2130064 0.4552887 0.2138814 0.4550099 0.2139876 0.4552887 0.2146282 0.4564637 0.2135997 0.4561563 0.2137302 0.4564637 0.2141671 0.4518549 0.2141405 0.4521623 0.214271 0.4521623 0.2137036 0.4564237 0.2149279 0.4564237 0.2141811 0.456145 0.2148216 0.4513838 0.213862 0.4511042 0.2138767 0.4511051 0.2144453 0.454599 0.2133467 0.4543089 0.213348 0.4542992 0.2137704 0.4535331 0.2141047 0.4538231 0.2141059 0.4535233 0.2136822 0.4543181 0.2146067 0.454599 0.2146214 0.4543218 0.2140374 0.4509567 0.2141753 0.4506784 0.2142848 0.4506794 0.2148643 0.4561286 0.213536 0.4558221 0.2136664 0.4558225 0.2139816 0.4503455 0.2140305 0.4506521 0.2141613 0.4503459 0.2137154 0.4558503 0.215631 0.4561286 0.2157405 0.4558513 0.2150515 0.45493 0.2132858 0.45493 0.2129591 0.454613 0.2131996 0.4564238 0.2149937 0.4561427 0.2150669 0.456145 0.2156344 0.4501604 0.2136273 0.4498393 0.2136993 0.449853 0.2140642 0.4509966 0.213595 0.4506905 0.2137272 0.4509966 0.2141613 0.455305 0.2139876 0.4553027 0.2145551 0.4555838 0.2146282 0.4564378 0.2149116 0.4567169 0.2149279 0.4564383 0.2143446 0.4516719 0.2138389 0.4516719 0.2135485 0.4512495 0.2138479 0.4527056 0.2137089 0.4530055 0.2138544 0.4530055 0.2132868 0.4527282 0.2144525 0.4530055 0.2145599 0.4530055 0.2138684 0.449547 0.2148088 0.4498254 0.2149184 0.4495481 0.2142295 0.4495196 0.2139737 0.4498254 0.214106 0.4495199 0.2136598 0.4564781 0.2140328 0.4567838 0.2141671 0.4567838 0.2135885 0.4535458 0.2148088 0.4538231 0.2149183 0.4538231 0.2141199 0.454599 0.213285 0.454599 0.2129946 0.4543092 0.2130064 0.4550099 0.2139876 0.4550076 0.2145551 0.4552887 0.2146282 0.4561563 0.2137302 0.4561427 0.2140951 0.4564637 0.2141671 0.4518412 0.2137756 0.4518549 0.2141405 0.4521623 0.2137036 0.4564237 0.2141811 0.4561427 0.2142543 0.456145 0.2148216 0.4513838 0.2145541 0.4513838 0.213862 0.4511051 0.2144453 0.454599 0.213916 0.454599 0.2133467 0.4542992 0.2137704 0.4538231 0.2141059 0.4538231 0.2135366 0.4535233 0.2136822 0.454599 0.2146214 0.454599 0.21393 0.4543218 0.2140374 0.4509567 0.2149739 0.4509567 0.2141753 0.4506794 0.2148643 0.4561286 0.2141153 0.4561286 0.213536 0.4558225 0.2139816 0.4506521 0.2141613 0.4506521 0.213582 0.4503459 0.2137154 0.4561286 0.2157405 0.4561286 0.2149419 0.4558513 0.2150515 0.4550787 0.2153387 0.4548707 0.2155396 0.4550787 0.2157405 0.4525957 0.2209843 0.4525957 0.2161089 0.4521999 0.2161089 0.4506784 0.213581 0.4510723 0.213581 0.4510723 0.2131857 0.4530055 0.2209843 0.4530055 0.2161089 0.4526097 0.2161089 0.4530197 0.2138506 0.4534152 0.2138506 0.4534152 0.2134552 0.4501372 0.2209843 0.4501372 0.2161067 0.4497414 0.2161067 0.4517762 0.2209843 0.4517762 0.2161067 0.4513804 0.2161067 0.4521999 0.2209843 0.4525957 0.2209843 0.4521999 0.2161089 0.4506784 0.2131857 0.4506784 0.213581 0.4510723 0.2131857 0.4526097 0.2209843 0.4530055 0.2209843 0.4526097 0.2161089 0.4530197 0.2134552 0.4530197 0.2138506 0.4534152 0.2134552 0.4497414 0.2209843 0.4501372 0.2209843 0.4497414 0.2161067 0.4513804 0.2209843 0.4517762 0.2209843 0.4513804 0.2161067 0.4582734 0.2209843 0.4586244 0.2209827 0.4586244 0.2157624 0.4558221 0.213522 0.4561738 0.2135217 0.4558221 0.2131699 0.4553452 0.2209843 0.4556974 0.2209842 0.4556974 0.2157554 0.4498254 0.2131639 0.4494748 0.2131615 0.4494748 0.2135124 0.4578937 0.2157552 0.4575418 0.2157549 0.4575418 0.2209841 0.4568097 0.2209842 0.4571618 0.2209843 0.4571618 0.2157555 0.4582734 0.2157642 0.4582734 0.2209843 0.4586244 0.2157624 0.4561738 0.2135217 0.4561738 0.2131698 0.4558221 0.2131699 0.4553452 0.2157555 0.4553452 0.2209843 0.4556974 0.2157554 0.4498254 0.2135148 0.4498254 0.2131639 0.4494748 0.2135124 0.4578937 0.2209843 0.4578937 0.2157552 0.4575418 0.2209841 0.4568097 0.2157554 0.4568097 0.2209842 0.4571618 0.2157555 0.4593567 0.2209843 0.4593567 0.2158061 0.4590046 0.215806 0.4534718 0.2131699 0.4534718 0.2135208 0.4538231 0.2131717 0.4525957 0.2160937 0.4525957 0.2109371 0.4522437 0.2109383 0.4571495 0.2141669 0.4571495 0.2138149 0.4567978 0.2138151 0.4542329 0.216145 0.4542329 0.2109669 0.4538807 0.210967 0.4564296 0.2209842 0.4564296 0.2157554 0.4560775 0.2157555 0.4590046 0.2209842 0.4593567 0.2209843 0.4590046 0.215806 0.4534718 0.2135208 0.4538231 0.2135226 0.4538231 0.2131717 0.4522437 0.2160949 0.4525957 0.2160937 0.4522437 0.2109383 0.4567978 0.2141671 0.4571495 0.2141669 0.4567978 0.2138151 0.4538808 0.2161452 0.4542329 0.216145 0.4538807 0.210967 0.4560775 0.2209843 0.4564296 0.2209842 0.4560775 0.2157555 0.449582 0.2160927 0.449582 0.2149325 0.4493526 0.2150395 0.454599 0.2157406 0.454599 0.2146354 0.45436 0.2147656 0.4529879 0.2156331 0.4530055 0.2145739 0.4526748 0.2155163 0.4503616 0.2160257 0.4506521 0.2160927 0.4506521 0.2149879 0.4534152 0.2145559 0.4534152 0.2138646 0.4531379 0.2139719 0.4555838 0.2135677 0.4550161 0.2135674 0.4551613 0.2138674 0.4546225 0.2132998 0.454613 0.2137222 0.4549129 0.2132999 0.4564378 0.2150646 0.4564383 0.2156317 0.4567169 0.2150484 0.4506521 0.2149739 0.4506521 0.2141753 0.4503748 0.214285 0.4531165 0.2145699 0.4530836 0.2151483 0.4533969 0.2150323 0.4530055 0.2159477 0.4529879 0.2156331 0.4527066 0.2160949 0.4558503 0.2142389 0.4558513 0.2148182 0.4561286 0.2141293 0.4564637 0.2135607 0.4564637 0.2132885 0.4562149 0.2133336 0.4501372 0.2150213 0.4498393 0.2150336 0.4501372 0.2160927 0.4511042 0.2155166 0.4514162 0.2156312 0.4514332 0.2145681 0.4517592 0.2150295 0.4514472 0.2151442 0.4517762 0.2160927 0.4498254 0.2160927 0.4498254 0.2149325 0.449596 0.2150394 0.4548938 0.2138817 0.454613 0.213896 0.4546171 0.2144629 0.4570298 0.2151726 0.4567415 0.2151761 0.4567309 0.2155967 0.4567415 0.2150309 0.4570298 0.2150344 0.4567309 0.2146102 0.4513978 0.2145395 0.4516773 0.2145541 0.4513987 0.2139708 0.4501177 0.2142087 0.4498393 0.2143183 0.4498404 0.2148977 0.4511347 0.2160927 0.4514332 0.2159445 0.4514162 0.2156312 0.4517762 0.2147163 0.4514777 0.2145681 0.4517592 0.2150295 0.452186 0.2144194 0.4519198 0.214285 0.4521279 0.2149916 0.4550706 0.2149886 0.4548707 0.2151703 0.4550706 0.2153246 0.4509567 0.2149879 0.4506661 0.2150551 0.4509567 0.2160927 0.4533969 0.2150323 0.4530836 0.2151483 0.4534152 0.2160949 0.4555978 0.2156094 0.4558362 0.2157405 0.4558362 0.2146422 0.4538231 0.2160925 0.4538231 0.2149323 0.4535938 0.2159855 0.4531348 0.2145397 0.4534152 0.2145559 0.4531379 0.2139719 0.4555838 0.2138583 0.4555838 0.2135677 0.4551613 0.2138674 0.454613 0.2137222 0.4549129 0.2138676 0.4549129 0.2132999 0.4564383 0.2156317 0.4567169 0.2157405 0.4567169 0.2150484 0.4503738 0.2148644 0.4506521 0.2149739 0.4503748 0.214285 0.4534152 0.2147178 0.4531165 0.2145699 0.4533969 0.2150323 0.4529879 0.2156331 0.4526748 0.2155163 0.4527066 0.2160949 0.4558513 0.2148182 0.4561286 0.2149279 0.4561286 0.2141293 0.456193 0.2135857 0.4564637 0.2135607 0.4562149 0.2133336 0.4548418 0.2157406 0.4548418 0.2145872 0.454613 0.215636 0.4553313 0.2157405 0.4553313 0.2146422 0.4550927 0.2156093 0.4555838 0.2157405 0.4555838 0.2146422 0.4553452 0.2147734 0.4521279 0.2149916 0.4518412 0.215074 0.452186 0.2160949 0.4548938 0.2145732 0.4548938 0.2138817 0.4546171 0.2144629 0.4570298 0.2157405 0.4570298 0.2151726 0.4567309 0.2155967 0.4570298 0.2150344 0.4570298 0.2144665 0.4567309 0.2146102 0.4516773 0.2145541 0.4516773 0.213862 0.4513987 0.2139708 0.4501177 0.2150073 0.4501177 0.2142087 0.4498404 0.2148977 0.4511042 0.2155166 0.4511347 0.2160927 0.4514162 0.2156312 0.4514777 0.2145681 0.4514472 0.2151442 0.4517592 0.2150295 0.4519198 0.214285 0.4518412 0.215074 0.4521279 0.2149916 0.4569963 0.2141999 0.4567309 0.214246 0.4569963 0.2144525 0.4551678 0.2189568 0.4538456 0.2189568 0.4538456 0.2185278 0.4532034 0.2060011 0.4530963 0.2060011 0.4530963 0.2055718 0.4525181 0.2185278 0.4538404 0.2185278 0.4538403 0.2189568 0.4537651 0.2060006 0.4536578 0.2060006 0.4536578 0.2055718 0.4564952 0.2185074 0.455173 0.2185074 0.455173 0.2180783 0.4551678 0.2180579 0.4538455 0.2180579 0.4538455 0.2176287 0.4551678 0.2185278 0.4551678 0.2189568 0.4538456 0.2185278 0.4532034 0.2055718 0.4532034 0.2060011 0.4530963 0.2055718 0.4525181 0.2189568 0.4525181 0.2185278 0.4538403 0.2189568 0.4537651 0.2055718 0.4537651 0.2060006 0.4536578 0.2055718 0.4564952 0.2180783 0.4564952 0.2185074 0.455173 0.2180783 0.4551678 0.2176287 0.4551678 0.2180579 0.4538455 0.2176287 0 0 0 0 0 0 0 0 0 0 0 0 0 0 0 0 0 0 0 0 0 0 0 0 0.4576978 0.2172828 0.4576978 0.2156954 0.4591222 0.2154386 0.4591222 0.2175396 0.4576978 0.2172828 0.4591222 0.2154386 0.4485926 0.2193083 0.450981 0.2193081 0.4495905 0.2209717 0.4485926 0.2193083 0.4485926 0.2143785 0.450981 0.2193081 0.450981 0.2143784 0.4485926 0.2143785 0.4505745 0.2133308 0.450981 0.2193081 0.4499834 0.2209717 0.4495905 0.2209717 0.4485926 0.2143785 0.450981 0.2143784 0.450981 0.2193081 0.4485926 0.2143785 0.4489964 0.2133308 0.4505745 0.2133308 0.4563347 0.2169592 0.4563347 0.213836 0.4576909 0.2174645 0.4552618 0.2218959 0.4552618 0.2187727 0.4566181 0.2224012 0.4576978 0.2151749 0.4576978 0.2135875 0.4591223 0.2133308 0.455255 0.2221295 0.4536613 0.2196815 0.455255 0.2186701 0.4520608 0.2207154 0.4536544 0.2182674 0.4536544 0.2217267 0.4563278 0.2133308 0.4563278 0.2182605 0.4536613 0.214527 0.4536544 0.2133308 0.4536544 0.2182606 0.4509879 0.2170643 0.4488115 0.2226424 0.450981 0.2209786 0.450981 0.2227405 0.4566249 0.2203598 0.4583829 0.2182674 0.4583829 0.2204394 0.4563347 0.213836 0.4576909 0.2133308 0.4576909 0.2174645 0.4552618 0.2187727 0.4566181 0.2182674 0.4566181 0.2224012 0.4591223 0.2154318 0.4576978 0.2151749 0.4591223 0.2133308 0.4536613 0.2196815 0.4549928 0.2182674 0.455255 0.2186701 0.4533922 0.2221295 0.4520608 0.2207154 0.4536544 0.2217267 0.4563278 0.2182605 0.4536613 0.2176502 0.4536613 0.214527 0.4509879 0.213941 0.4536544 0.2133308 0.4509879 0.2170643 0.452054 0.2200276 0.451228 0.2192651 0.452054 0.2182674 0.451228 0.2207956 0.4520539 0.2200344 0.4520539 0.2217933 0.4578213 0.2236179 0.4566249 0.2225391 0.4578213 0.2220414 0.4587368 0.22095 0.4587368 0.2215313 0.4566249 0.2220345 0.4578213 0.2236179 0.4566249 0.2231202 0.4566249 0.2225391 0.4512211 0.2182674 0.4512211 0.2182674 0.4512211 0.2182674 0.4566249 0.2220345 0.4566249 0.2204462 0.4587368 0.22095 0.4512211 0.2182674 0.4512211 0.2182674 0.4512211 0.2182674 0.6394566 0.7418074 0.6394567 0.731197 0.6522772 0.7365022 0.6650978 0.731197 0.6650978 0.7418074 0.6522772 0.7365022 0.6469668 0.7493101 0.6394566 0.7418074 0.6522772 0.7365022 0.6575877 0.7236945 0.6650978 0.731197 0.6522772 0.7365022 0.6575877 0.7493101 0.6469668 0.7493101 0.6522772 0.7365022 0.6394567 0.731197 0.6469668 0.7236945 0.6522772 0.7365022 0.6469668 0.7236945 0.6575877 0.7236945 0.6522772 0.7365022 0.6650978 0.7418074 0.6575877 0.7493101 0.6522772 0.7365022 0.5983361 0.7562464 0.5983361 0.7785747 0.5877568 0.7785167 0.5983361 0.7784835 0.5983361 0.7562196 0.6089522 0.7561884 0.5732234 0.7561896 0.5732234 0.7785605 0.5626775 0.7785605 0.7047197 0.7230541 0.7047197 0.745425 0.6940988 0.745425 0.5732234 0.7785605 0.5732234 0.7561896 0.5837681 0.7561896 0.6975919 0.6890423 0.6975919 0.6666713 0.7082049 0.6666713 0.619498 0.7561884 0.619498 0.7785593 0.6089522 0.7785593 0.7048361 0.6971961 0.7048361 0.719567 0.6942152 0.719567 0.5877568 0.7561884 0.5983361 0.7562464 0.5877568 0.7785167 0.6089522 0.7784523 0.5983361 0.7784835 0.6089522 0.7561884 0.5626775 0.7561896 0.5732234 0.7561896 0.5626775 0.7785605 0.6940988 0.7230541 0.7047197 0.7230541 0.6940988 0.745425 0.5837681 0.7785605 0.5732234 0.7785605 0.5837681 0.7561896 0.7082049 0.6890423 0.6975919 0.6890423 0.7082049 0.6666713 0.6089522 0.7561884 0.619498 0.7561884 0.6089522 0.7785593 0.6942152 0.6971961 0.7048361 0.6971961 0.6942152 0.719567 0.6582125 0.7236945 0.6472256 0.7236945 0.6575264 0.7220396 0.6472256 0.7236945 0.6394567 0.7159333 0.6411133 0.7152478 0.6394567 0.7159333 0.6394566 0.7049574 0.6411132 0.7056427 0.6394566 0.7049574 0.6472254 0.6971961 0.6479117 0.6988509 0.6472254 0.6971961 0.6582125 0.6971961 0.6575263 0.6988509 0.6659814 0.7049572 0.6659814 0.7159332 0.6643249 0.7152478 0.6582125 0.6971961 0.6659814 0.7049572 0.6643248 0.7056427 0.6659814 0.7159332 0.6582125 0.7236945 0.6575264 0.7220396 0.6472256 0.7236945 0.6479117 0.7220396 0.6575264 0.7220396 0.6479117 0.7220396 0.6472256 0.7236945 0.6411133 0.7152478 0.6411133 0.7152478 0.6394567 0.7159333 0.6411132 0.7056427 0.6411132 0.7056427 0.6394566 0.7049574 0.6479117 0.6988509 0.6479117 0.6988509 0.6472254 0.6971961 0.6575263 0.6988509 0.6643248 0.7056427 0.6659814 0.7049572 0.6643249 0.7152478 0.6575263 0.6988509 0.6582125 0.6971961 0.6643248 0.7056427 0.6643249 0.7152478 0.6659814 0.7159332 0.6575264 0.7220396 0.4529817 0.2127826 0.4531548 0.2144563 0.4525637 0.2144563 0.4525637 0.2161505 0.4527368 0.2144767 0.4531548 0.2161505 0.4531548 0.2183558 0.4527019 0.2183558 0.452928 0.2161708 0.4536128 0.2180257 0.4531599 0.2180257 0.453386 0.2158406 0.4526969 0.2183558 0.452244 0.2183558 0.4524708 0.2161708 0.4525634 0.2127622 0.452737 0.2110892 0.4531548 0.2127622 0.4529767 0.2008821 0.4531502 0.2025557 0.4525589 0.2025557 0.4529771 0.2038777 0.4531502 0.2055515 0.452559 0.2055515 0.4544608 0.2063935 0.4544608 0.2063935 0.4544608 0.2063935 0.4544608 0.2064341 0.4544608 0.2064341 0.4544608 0.2064341 0.4544557 0.2064138 0.4544557 0.2064138 0.4544557 0.2064138 0.4544659 0.2064138 0.4544659 0.2064138 0.4544659 0.2064138 0.4544557 0.2063935 0.4544557 0.2063935 0.4544557 0.2063935 0.4544659 0.2064408 0.4544659 0.2064408 0.4544659 0.2064408 0.4544608 0.2064138 0.4544608 0.2064138 0.4544608 0.2064138 0.4544659 0.2063935 0.4544659 0.2063935 0.4544659 0.2063935 0.4526346 0.2064611 0.4530869 0.2064611 0.4531548 0.2110688 0.4532384 0.2064613 0.4536913 0.2064611 0.4537697 0.2111306 0.4564148 0.2166478 0.4559624 0.2166478 0.4558748 0.2120401 0.4532337 0.2008821 0.4536867 0.2008821 0.4537651 0.2055515 0.4539346 0.2120175 0.4543875 0.2120175 0.4544659 0.2166869 0.4552515 0.21204 0.4557044 0.21204 0.4557827 0.2167087 0.4550894 0.2167094 0.4546365 0.2167094 0.454558 0.21204 0.4532384 0.2111509 0.4536913 0.2111509 0.4537697 0.2158202 0.452546 0.2110688 0.4526346 0.2064611 0.4531548 0.2110688 0.4531599 0.2111306 0.4532384 0.2064613 0.4537697 0.2111306 0.4564839 0.2120401 0.4564148 0.2166478 0.4558748 0.2120401 0.4531553 0.2055515 0.4532337 0.2008821 0.4537651 0.2055515 0.4538562 0.2166869 0.4539346 0.2120175 0.4544659 0.2166869 0.4551729 0.2167087 0.4552515 0.21204 0.4557827 0.2167087 0.4551678 0.21204 0.4550894 0.2167094 0.454558 0.21204 0.4531599 0.2158202 0.4532384 0.2111509 0.4537697 0.2158202 0.4559644 0.2064408 0.4558748 0.2008821 0.4565716 0.2008821 0.4538714 0.2063732 0.4537702 0.2008821 0.4544659 0.2008821 0.4552625 0.2064408 0.4551729 0.2008821 0.4558697 0.2008821 0.4550781 0.2064613 0.4551678 0.2120196 0.454471 0.2120196 0.4545606 0.2064408 0.454471 0.2008821 0.4551678 0.2008821 0.4552627 0.2120193 0.4551729 0.2064611 0.4558697 0.2064611 0.4543929 0.2064611 0.4544659 0.2119972 0.4537748 0.2119972 0.456482 0.2064611 0.4565716 0.2120198 0.4558748 0.2120198 0.456482 0.2064408 0.4559644 0.2064408 0.4565716 0.2008821 0.4543882 0.2063732 0.4538714 0.2063732 0.4544659 0.2008821 0.45578 0.2064408 0.4552625 0.2064408 0.4558697 0.2008821 0.4545606 0.2064613 0.4550781 0.2064613 0.454471 0.2120196 0.4550782 0.2064408 0.4545606 0.2064408 0.4551678 0.2008821 0.4557803 0.2120193 0.4552627 0.2120193 0.4558697 0.2064611 0.4538796 0.2064611 0.4543929 0.2064611 0.4537748 0.2119972 0.4559644 0.2064611 0.456482 0.2064611 0.4558748 0.2120198 0.4538455 0.2171792 0.4551678 0.2171792 0.4551678 0.2176083 0.4535404 0.2060006 0.4534331 0.2060006 0.4534331 0.2055718 0.4524465 0.2061716 0.4524465 0.2008821 0.4525538 0.2008821 0.4530425 0.2029834 0.4531493 0.2029834 0.4530433 0.2034099 0.4538455 0.2180783 0.4551678 0.2180783 0.4551678 0.2185074 0.4564952 0.2180579 0.4551729 0.2180579 0.4551729 0.2176287 0.4538455 0.2176083 0.4538455 0.2171792 0.4551678 0.2176083 0.4535404 0.2055718 0.4535404 0.2060006 0.4534331 0.2055718 0.4525538 0.2061716 0.4524465 0.2061716 0.4525538 0.2008821 0.4531493 0.2029834 0.4531502 0.2034099 0.4530433 0.2034099 0.4538455 0.2185074 0.4538455 0.2180783 0.4551678 0.2185074 0.4564952 0.2176287 0.4564952 0.2180579 0.4551729 0.2176287 0.4525216 0.2194219 0.4538404 0.2194219 0.4538392 0.2198463 0.4531493 0.2034302 0.4531502 0.2038573 0.4530425 0.2034302 0.4525204 0.2189772 0.4538392 0.2189772 0.4538404 0.2194015 0.453428 0.2055718 0.453428 0.2060011 0.4533209 0.2060011 0.4551729 0.2189757 0.4564908 0.2189757 0.4564915 0.2194032 0.4564908 0.2189553 0.4551729 0.2189553 0.4551737 0.2185278 0.4525204 0.2198463 0.4525216 0.2194219 0.4538392 0.2198463 0.4531502 0.2038573 0.4530434 0.2038573 0.4530425 0.2034302 0.4525216 0.2194015 0.4525204 0.2189772 0.4538404 0.2194015 0.4533209 0.2055719 0.453428 0.2055718 0.4533209 0.2060011 0.4551737 0.2194032 0.4551729 0.2189757 0.4564915 0.2194032 0.4564915 0.2185278 0.4564908 0.2189553 0.4551737 0.2185278 0.4538528 0.2189772 0.4551667 0.2189772 0.4551677 0.2194048 0.4536527 0.206001 0.4535455 0.206001 0.4535455 0.2055718 0.4564952 0.2176083 0.4551729 0.2176083 0.4551729 0.2171792 0.4532086 0.2060011 0.4532086 0.2055718 0.4533157 0.2055718 0.4551678 0.2171588 0.4538455 0.2171588 0.4538455 0.2167297 0.4551729 0.2167297 0.4564952 0.2167297 0.4564952 0.2171588 0.4538539 0.2194048 0.4538528 0.2189772 0.4551677 0.2194048 0.4536527 0.2055718 0.4536527 0.206001 0.4535455 0.2055718 0.4564952 0.2171792 0.4564952 0.2176083 0.4551729 0.2171792 0.4533157 0.2060011 0.4532086 0.2060011 0.4533157 0.2055718 0.4551678 0.2167297 0.4551678 0.2171588 0.4538455 0.2167297 0.4551729 0.2171588 0.4551729 0.2167297 0.4564952 0.2171588 0.6832283 0.7183177 0.6659814 0.7183177 0.6659814 0.6971961 0.6222097 0.7180414 0.6049628 0.7180414 0.6049628 0.6971961 0.6650978 0.7236945 0.6823447 0.7236945 0.6823447 0.7448162 0.6394566 0.7180413 0.6222097 0.7180413 0.6222097 0.6971961 0.6049628 0.7180414 0.6049628 0.7388866 0.5838202 0.7388866 0.5626775 0.7180413 0.5626775 0.6971961 0.5838201 0.6971961 0.6222097 0.7388866 0.6049628 0.7388866 0.6049628 0.7180414 0.6394566 0.7388866 0.6222097 0.7388866 0.6222097 0.7180413 0.6049628 0.6971961 0.6049628 0.7180414 0.5838202 0.7180413 0.5626775 0.7388866 0.5626775 0.7180413 0.5838201 0.7180413 0.6832283 0.6971961 0.6832283 0.7183177 0.6659814 0.6971961 0.6222097 0.6971961 0.6222097 0.7180414 0.6049628 0.6971961 0.6650978 0.7448162 0.6650978 0.7236945 0.6823447 0.7448162 0.6394566 0.6971961 0.6394566 0.7180413 0.6222097 0.6971961 0.5838202 0.7180413 0.6049628 0.7180414 0.5838202 0.7388866 0.5838201 0.7180413 0.5626775 0.7180413 0.5838201 0.6971961 0.6222097 0.7180414 0.6222097 0.7388866 0.6049628 0.7180414 0.6394566 0.7180413 0.6394566 0.7388866 0.6222097 0.7180413 0.5838202 0.6971961 0.6049628 0.6971961 0.5838202 0.7180413 0.5838202 0.7388866 0.5626775 0.7388866 0.5838201 0.7180413 0.409084 0.07949787 0.4041616 0.07096457 0.4095295 0.07173854 0.4033097 0.07894444 0.3986551 0.06991624 0.4041616 0.07096457 0.3986551 0.06991624 0.3909949 0.07715368 0.3930166 0.06852954 0.3909949 0.07715368 0.387319 0.06658208 0.3930166 0.06852954 0.387319 0.06658208 0.3755138 0.07245814 0.3818082 0.06362372 0.4289819 0.07861804 0.419991 0.07199811 0.4250599 0.07061034 0.3909949 0.07715368 0.3967255 0.08666694 0.3901435 0.08642429 0.419991 0.07199811 0.4149252 0.07982206 0.4147879 0.07216709 0.4147879 0.07216709 0.409084 0.07949787 0.4095295 0.07173854 0.4210341 0.08924525 0.4135558 0.09455204 0.4145393 0.08823502 0.4289819 0.07861804 0.4210341 0.08924525 0.4212318 0.07973039 0.3909949 0.07715368 0.3824338 0.08631759 0.3838881 0.07551062 0.4149252 0.07982206 0.4210341 0.08924525 0.4145393 0.08823502 0.4033097 0.07894444 0.3967255 0.08666694 0.3973581 0.07819443 0.3755138 0.07245814 0.3824338 0.08631759 0.3722479 0.08641165 0.4149252 0.07982206 0.4085983 0.08754271 0.409084 0.07949787 0.4033097 0.07894444 0.4085983 0.08754271 0.4027637 0.08703529 0.3968236 0.09324711 0.401718 0.1028231 0.396852 0.1032958 0.3824338 0.08631759 0.3748418 0.09791409 0.3722479 0.08641165 0.3901435 0.08642429 0.3968236 0.09324711 0.3906829 0.09368306 0.4085983 0.08754271 0.4025391 0.09327042 0.4027637 0.08703529 0.4145393 0.08823502 0.4080525 0.09368443 0.4085983 0.08754271 0.4210341 0.08924525 0.4252879 0.09897017 0.4192485 0.09611666 0.3824338 0.08631759 0.3906829 0.09368306 0.3837503 0.09485918 0.4027637 0.08703529 0.3968236 0.09324711 0.3967255 0.08666694 0.4192485 0.09611666 0.4110061 0.1031903 0.4135558 0.09455204 0.3837503 0.09485918 0.3824273 0.1074206 0.3748418 0.09791409 0.3968236 0.09324711 0.3918638 0.1042297 0.3906829 0.09368306 0.4025391 0.09327042 0.4064303 0.1027824 0.401718 0.1028231 0.4080525 0.09368443 0.4110061 0.1031903 0.4064303 0.1027824 0.4192485 0.09611666 0.4195839 0.1054041 0.4154925 0.1040728 0.3906829 0.09368306 0.3869158 0.1056734 0.3837503 0.09485918 0.4195839 0.1054041 0.4149659 0.105954 0.4154925 0.1040728 0.3869158 0.1056734 0.3828614 0.1092289 0.3824273 0.1074206 0.3869158 0.1056734 0.3923017 0.1062851 0.3874934 0.107671 0.3918638 0.1042297 0.3971042 0.1053199 0.3923017 0.1062851 0.4176831 0.1195468 0.4220036 0.1178564 0.4184683 0.1214157 0.4201295 0.1136122 0.4220036 0.1178564 0.4201295 0.1170838 0.4176831 0.1111493 0.4220036 0.1128396 0.4201295 0.1136122 0.4176831 0.1111493 0.4134517 0.1092466 0.4184683 0.1092804 0.4110061 0.1031903 0.4149659 0.105954 0.4106845 0.1050527 0.4064303 0.1027824 0.4106845 0.1050527 0.4063155 0.1046843 0.4064303 0.1027824 0.4017893 0.1047862 0.401718 0.1028231 0.401718 0.1028231 0.3971042 0.1053199 0.396852 0.1032958 0.400892 0.110826 0.395673 0.1117922 0.3960165 0.1096439 0.4055196 0.1127631 0.4084941 0.117159 0.4045233 0.114697 0.3811392 0.110826 0.377508 0.114697 0.3765116 0.1127631 0.3860146 0.1096439 0.3910156 0.1114221 0.3863582 0.1117922 0.4055196 0.1127631 0.4002135 0.1128931 0.400892 0.110826 0.3722479 0.1154066 0.377508 0.114697 0.3735372 0.117159 0.3860146 0.1096439 0.3818176 0.1128931 0.3811392 0.110826 0.3910156 0.1092466 0.395673 0.1117922 0.3910156 0.1114221 0.4142116 0.1195702 0.4184683 0.1214157 0.4134517 0.1214495 0.4142116 0.1195702 0.4098687 0.1179382 0.4117322 0.1171404 0.4116854 0.1170269 0.4098687 0.1127579 0.4117322 0.1135557 0.4142116 0.1111258 0.4098687 0.1127579 0.4134517 0.1092466 0.3930944 0.134382 0.3883493 0.145838 0.3768931 0.1410927 0.409084 0.07949787 0.4033097 0.07894444 0.4041616 0.07096457 0.4041616 0.07096457 0.4033097 0.07894444 0.3973581 0.07819443 0.3973581 0.07819443 0.3909949 0.07715368 0.3930166 0.06852954 0.3930166 0.06852954 0.3909949 0.07715368 0.3838881 0.07551062 0.3838881 0.07551062 0.3755138 0.07245814 0.3818082 0.06362372 0.4289819 0.07861804 0.4212318 0.07973039 0.419991 0.07199811 0.3973581 0.07819443 0.3967255 0.08666694 0.3901435 0.08642429 0.419991 0.07199811 0.4212318 0.07973039 0.4149252 0.07982206 0.4147879 0.07216709 0.4149252 0.07982206 0.409084 0.07949787 0.4210341 0.08924525 0.4192485 0.09611666 0.4135558 0.09455204 0.4212318 0.07973039 0.4289819 0.07861804 0.4289819 0.09090787 0.3838881 0.07551062 0.3909949 0.07715368 0.3901435 0.08642429 0.4212318 0.07973039 0.4210341 0.08924525 0.4145393 0.08823502 0.3973581 0.07819443 0.4033097 0.07894444 0.4027637 0.08703529 0.3755138 0.07245814 0.3838881 0.07551062 0.3824338 0.08631759 0.4149252 0.07982206 0.4145393 0.08823502 0.4085983 0.08754271 0.409084 0.07949787 0.4085983 0.08754271 0.4027637 0.08703529 0.4025391 0.09327042 0.401718 0.1028231 0.396852 0.1032958 0.3722479 0.08641165 0.3824338 0.08631759 0.3837503 0.09485918 0.3901435 0.08642429 0.3967255 0.08666694 0.3968236 0.09324711 0.4027637 0.08703529 0.4085983 0.08754271 0.4080525 0.09368443 0.4145393 0.08823502 0.4135558 0.09455204 0.4080525 0.09368443 0.4210341 0.08924525 0.4289819 0.09090787 0.4252879 0.09897017 0.3901435 0.08642429 0.3906829 0.09368306 0.3837503 0.09485918 0.4027637 0.08703529 0.4025391 0.09327042 0.3968236 0.09324711 0.4192485 0.09611666 0.4154925 0.1040728 0.4110061 0.1031903 0.3837503 0.09485918 0.3869158 0.1056734 0.3824273 0.1074206 0.3906829 0.09368306 0.3968236 0.09324711 0.396852 0.1032958 0.4025391 0.09327042 0.4080525 0.09368443 0.4064303 0.1027824 0.4080525 0.09368443 0.4135558 0.09455204 0.4110061 0.1031903 0.4192485 0.09611666 0.4252879 0.09897017 0.4195839 0.1054041 0.3906829 0.09368306 0.3918638 0.1042297 0.3869158 0.1056734 0.4154925 0.1040728 0.4195839 0.1054041 0.4192669 0.107217 0.3824273 0.1074206 0.3869158 0.1056734 0.3874934 0.107671 0.3869158 0.1056734 0.3918638 0.1042297 0.3923017 0.1062851 0.3918638 0.1042297 0.396852 0.1032958 0.3971042 0.1053199 0.4154925 0.1040728 0.4149659 0.105954 0.4106845 0.1050527 0.4110061 0.1031903 0.4106845 0.1050527 0.4063155 0.1046843 0.4064303 0.1027824 0.4063155 0.1046843 0.4017893 0.1047862 0.401718 0.1028231 0.4017893 0.1047862 0.3971042 0.1053199 0.3960165 0.1096439 0.400892 0.110826 0.4002135 0.1128931 0.4097833 0.1154066 0.4084941 0.117159 0.4045233 0.114697 0.3811392 0.110826 0.3818176 0.1128931 0.377508 0.114697 0.3860146 0.1096439 0.3910156 0.1092466 0.3910156 0.1114221 0.400892 0.110826 0.4055196 0.1127631 0.4045233 0.114697 0.3765116 0.1127631 0.377508 0.114697 0.3735372 0.117159 0.3860146 0.1096439 0.3863582 0.1117922 0.3818176 0.1128931 0.3910156 0.1092466 0.3960165 0.1096439 0.395673 0.1117922 0 0 0 0 0 0 0 0 0 0 0 0 0 0 0 0 0 0 0 0 0 0 0 0 0.7010734 0.6465829 0.7010734 0.728417 0.6192392 0.728417 0.7010734 0.6465829 0.7010734 0.728417 0.6192392 0.728417 0.7010734 0.6465829 0.7010734 0.728417 0.6192392 0.728417 0.7010734 0.6465829 0.7010734 0.728417 0.6192392 0.728417 0.7010734 0.6465829 0.7010734 0.728417 0.6192392 0.728417 0.7010734 0.6465829 0.7010734 0.728417 0.6192392 0.728417 0.5783333 0.9492046 0.5835139 0.9492046 0.5835139 0.9932393 0.7077514 0.9923183 0.7025708 0.9923183 0.7025708 0.9482836 0.6818486 0.9923183 0.6766681 0.9923183 0.6766681 0.9482836 0.6405 0.9492046 0.6456806 0.9492046 0.6456806 0.9932393 0.5731528 0.9492046 0.5783333 0.9492046 0.5783333 0.9932393 0.6922097 0.9923183 0.6870292 0.9923183 0.6870292 0.9482836 0.6766681 0.9923183 0.6714875 0.9923183 0.6714875 0.9482836 0.6042361 0.9492046 0.6094167 0.9492046 0.6094167 0.9932393 0.5835139 0.9492046 0.5886945 0.9492046 0.5886945 0.9932393 0.7025708 0.9923183 0.6973903 0.9923183 0.6973903 0.9482836 0.6714875 0.9923183 0.666307 0.9923183 0.6663069 0.9482836 0.6353195 0.9492046 0.6405 0.9492046 0.6405 0.9932393 0.5886945 0.9492046 0.593875 0.9492046 0.593875 0.9932393 0.6301389 0.9492046 0.6353195 0.9492046 0.6353195 0.9932393 0.6663069 0.9923183 0.6611264 0.9923183 0.6611264 0.9482836 0.6145972 0.9492046 0.6197778 0.9492046 0.6197778 0.9932393 0.7010734 0.6465829 0.7010734 0.728417 0.6192392 0.728417 0.7010734 0.6465829 0.7010734 0.728417 0.6192392 0.728417 0.7010734 0.6465829 0.7010734 0.728417 0.6192392 0.728417 0.7010734 0.6465829 0.7010734 0.728417 0.6192392 0.728417 0.7010734 0.6465829 0.7010734 0.728417 0.6192392 0.728417 0.7010734 0.6465829 0.7010734 0.728417 0.6192392 0.728417 0.6197778 0.9492046 0.6249583 0.9492046 0.6249584 0.9932393 0.7181125 0.9923183 0.7129319 0.9923183 0.7129319 0.9482836 0.6973903 0.9923183 0.6922097 0.9923183 0.6922097 0.9482836 0.6456806 0.9492046 0.6508611 0.9492046 0.6508611 0.9932393 0.6094167 0.9492046 0.6145972 0.9492046 0.6145972 0.9932393 0.6249584 0.9492046 0.6301389 0.9492046 0.6301389 0.9932393 0.6870291 0.9923183 0.6818486 0.9923183 0.6818486 0.9482836 0.5990556 0.9492046 0.6042361 0.9492046 0.6042361 0.9932393 0.593875 0.9492046 0.5990555 0.9492046 0.5990556 0.9932393 0.7129319 0.9923183 0.7077514 0.9923183 0.7077514 0.9482836 0.6560417 0.9932393 0.6508612 0.9932393 0.6508611 0.9492046 0.6560417 0.9492046 0.6612222 0.9492046 0.6612222 0.9932393 0.5255299 0.9500423 0.5306833 0.9500423 0.5306833 0.9938468 0.6031135 0.9499015 0.608267 0.9499015 0.608267 0.993706 0.6649552 0.993706 0.6598018 0.993706 0.6598018 0.9499015 0.5461438 0.9500423 0.5512973 0.9500423 0.5512973 0.9938468 0.6710013 0.5789987 0.6710013 0.6319388 0.6180612 0.6319388 0.6710013 0.5789987 0.6710013 0.6319388 0.6180612 0.6319388 0.6710013 0.5789987 0.6710013 0.6319388 0.6180612 0.6319388 0.6710013 0.5789987 0.6710013 0.6319388 0.6180612 0.6319388 0.6710013 0.5789987 0.6710013 0.6319388 0.6180612 0.6319388 0.6710013 0.5789987 0.6710013 0.6319388 0.6180612 0.6319388 0.5203764 0.9500423 0.5255298 0.9500423 0.5255299 0.9938468 0.6598018 0.993706 0.6546483 0.993706 0.6546483 0.9499015 0.6443414 0.993706 0.6391879 0.993706 0.6391879 0.9499015 0.592525 0.9500423 0.5976785 0.9500423 0.5976785 0.9938468 0.5152229 0.9500423 0.5203764 0.9500423 0.5203764 0.9938468 0.6546483 0.993706 0.6494948 0.993706 0.6494948 0.9499015 0.6340344 0.993706 0.6288809 0.993706 0.6288809 0.9499015 0.5564507 0.9500423 0.5616042 0.9500423 0.5616042 0.9938468 0.5306833 0.9500423 0.5358368 0.9500423 0.5358368 0.9938468 0.6701087 0.993706 0.6649552 0.993706 0.6649552 0.9499015 0.6288809 0.993706 0.6237275 0.993706 0.6237275 0.9499015 0.5873715 0.9500423 0.592525 0.9500423 0.592525 0.9938468 0.5358368 0.9500423 0.5409903 0.9500423 0.5409903 0.9938468 0.5822181 0.9500423 0.5873715 0.9500423 0.5873716 0.9938468 0.6237275 0.993706 0.618574 0.993706 0.618574 0.9499015 0.5616042 0.9500423 0.5667576 0.9500423 0.5667576 0.9938468 0.6710013 0.5789987 0.6710013 0.6319388 0.6180612 0.6319388 0.6710013 0.5789987 0.6710013 0.6319388 0.6180612 0.6319388 0.6710013 0.5789987 0.6710013 0.6319388 0.6180612 0.6319388 0.6710013 0.5789987 0.6710013 0.6319388 0.6180612 0.6319388 0.6710013 0.5789987 0.6710013 0.6319388 0.6180612 0.6319388 0.6710013 0.5789987 0.6710013 0.6319388 0.6180612 0.6319388 0.5719112 0.9500423 0.5770646 0.9500423 0.5770646 0.9938468 0.6804156 0.993706 0.6752622 0.993706 0.6752622 0.9499015 0.6494948 0.993706 0.6443414 0.993706 0.6443414 0.9499015 0.5976785 0.9500423 0.602832 0.9500423 0.602832 0.9938468 0.5667576 0.9500423 0.5719112 0.9500423 0.5719112 0.9938468 0.5770646 0.9500423 0.5822181 0.9500423 0.5822181 0.9938468 0.6391879 0.993706 0.6340344 0.993706 0.6340344 0.9499015 0.5512973 0.9500423 0.5564507 0.9500423 0.5564507 0.9938468 0.5409903 0.9500423 0.5461438 0.9500423 0.5461438 0.9938468 0.6752622 0.993706 0.6701087 0.993706 0.6701087 0.9499015 0.6134205 0.993706 0.608267 0.993706 0.608267 0.9499015 0.6134205 0.9499015 0.6185739 0.9499015 0.618574 0.993706 0.409084 0.07949787 0.4033097 0.07894444 0.4041616 0.07096457 0.4033097 0.07894444 0.3973581 0.07819443 0.3986551 0.06991624 0.3986551 0.06991624 0.3973581 0.07819443 0.3909949 0.07715368 0.3909949 0.07715368 0.3838881 0.07551062 0.387319 0.06658208 0.387319 0.06658208 0.3838881 0.07551062 0.3755138 0.07245814 0.4289819 0.07861804 0.4212318 0.07973039 0.419991 0.07199811 0.3909949 0.07715368 0.3973581 0.07819443 0.3967255 0.08666694 0.419991 0.07199811 0.4212318 0.07973039 0.4149252 0.07982206 0.4147879 0.07216709 0.4149252 0.07982206 0.409084 0.07949787 0.4210341 0.08924525 0.4192485 0.09611666 0.4135558 0.09455204 0.4289819 0.07861804 0.4289819 0.09090787 0.4210341 0.08924525 0.3909949 0.07715368 0.3901435 0.08642429 0.3824338 0.08631759 0.4149252 0.07982206 0.4212318 0.07973039 0.4210341 0.08924525 0.4033097 0.07894444 0.4027637 0.08703529 0.3967255 0.08666694 0.3755138 0.07245814 0.3838881 0.07551062 0.3824338 0.08631759 0.4149252 0.07982206 0.4145393 0.08823502 0.4085983 0.08754271 0.4033097 0.07894444 0.409084 0.07949787 0.4085983 0.08754271 0.3968236 0.09324711 0.4025391 0.09327042 0.401718 0.1028231 0.3824338 0.08631759 0.3837503 0.09485918 0.3748418 0.09791409 0.3901435 0.08642429 0.3967255 0.08666694 0.3968236 0.09324711 0.4085983 0.08754271 0.4080525 0.09368443 0.4025391 0.09327042 0.4145393 0.08823502 0.4135558 0.09455204 0.4080525 0.09368443 0.4210341 0.08924525 0.4289819 0.09090787 0.4252879 0.09897017 0.3824338 0.08631759 0.3901435 0.08642429 0.3906829 0.09368306 0.4027637 0.08703529 0.4025391 0.09327042 0.3968236 0.09324711 0.4192485 0.09611666 0.4154925 0.1040728 0.4110061 0.1031903 0.3837503 0.09485918 0.3869158 0.1056734 0.3824273 0.1074206 0.3968236 0.09324711 0.396852 0.1032958 0.3918638 0.1042297 0.4025391 0.09327042 0.4080525 0.09368443 0.4064303 0.1027824 0.4080525 0.09368443 0.4135558 0.09455204 0.4110061 0.1031903 0.4192485 0.09611666 0.4252879 0.09897017 0.4195839 0.1054041 0.3906829 0.09368306 0.3918638 0.1042297 0.3869158 0.1056734 0.4195839 0.1054041 0.4192669 0.107217 0.4149659 0.105954 0.3869158 0.1056734 0.3874934 0.107671 0.3828614 0.1092289 0.3869158 0.1056734 0.3918638 0.1042297 0.3923017 0.1062851 0.3918638 0.1042297 0.396852 0.1032958 0.3971042 0.1053199 0.4176831 0.1195468 0.4201295 0.1170838 0.4220036 0.1178564 0.4201295 0.1136122 0.4220036 0.1128396 0.4220036 0.1178564 0.4176831 0.1111493 0.4184683 0.1092804 0.4220036 0.1128396 0.4176831 0.1111493 0.4142116 0.1111258 0.4134517 0.1092466 0.4110061 0.1031903 0.4154925 0.1040728 0.4149659 0.105954 0.4064303 0.1027824 0.4110061 0.1031903 0.4106845 0.1050527 0.4064303 0.1027824 0.4063155 0.1046843 0.4017893 0.1047862 0.401718 0.1028231 0.4017893 0.1047862 0.3971042 0.1053199 0.400892 0.110826 0.4002135 0.1128931 0.395673 0.1117922 0.4055196 0.1127631 0.4097833 0.1154066 0.4084941 0.117159 0.3811392 0.110826 0.3818176 0.1128931 0.377508 0.114697 0.3860146 0.1096439 0.3910156 0.1092466 0.3910156 0.1114221 0.4055196 0.1127631 0.4045233 0.114697 0.4002135 0.1128931 0.3722479 0.1154066 0.3765116 0.1127631 0.377508 0.114697 0.3860146 0.1096439 0.3863582 0.1117922 0.3818176 0.1128931 0.3910156 0.1092466 0.3960165 0.1096439 0.395673 0.1117922 0.4142116 0.1195702 0.4176831 0.1195468 0.4184683 0.1214157 0.4142116 0.1195702 0.4134517 0.1214495 0.4098687 0.1179382 0.4116854 0.1170269 0.409801 0.1177741 0.4098687 0.1127579 0.4142116 0.1111258 0.4117322 0.1135557 0.4098687 0.1127579 0.3816383 0.1296367 0.3883493 0.1296367 0.3930944 0.134382 0.3930944 0.134382 0.3930944 0.1410927 0.3883493 0.145838 0.3883493 0.145838 0.3816383 0.145838 0.3768931 0.1410927 0.3768931 0.1410927 0.3768931 0.134382 0.3816383 0.1296367 0.3816383 0.1296367 0.3930944 0.134382 0.3768931 0.1410927 0.4384305 0.1542032 0.4862926 0.2020653 0.4862926 0.1542032 0.4384111 0.1542032 0.4862732 0.2020652 0.4862732 0.1542032 0.4384626 0.1542032 0.4863246 0.2020653 0.4863246 0.1542032 0.438446 0.1542032 0.486308 0.2020652 0.486308 0.1542032 0.4328031 0.2071858 0.4913615 0.1486274 0.4913615 0.2071858 0.4913615 0.2071858 0.4328031 0.1486274 0.4913615 0.1486274 0.4384305 0.1542032 0.4384305 0.2020653 0.4862926 0.2020653 0.4384111 0.1542032 0.4384111 0.2020652 0.4862732 0.2020652 0.4384626 0.1542032 0.4384626 0.2020653 0.4863246 0.2020653 0.438446 0.1542032 0.438446 0.2020652 0.486308 0.2020652 0.4328031 0.2071858 0.4328031 0.1486274 0.4913615 0.1486274 0.4913615 0.2071858 0.4328031 0.2071858 0.4328031 0.1486274 0.4384305 0.1542032 0.4862926 0.2020653 0.4862926 0.1542032 0.4384111 0.1542032 0.4862732 0.2020652 0.4862732 0.1542032 0.4384626 0.1542032 0.4863246 0.2020653 0.4863246 0.1542032 0.438446 0.1542032 0.486308 0.2020652 0.486308 0.1542032 0.4328031 0.2071858 0.4913615 0.1486274 0.4913615 0.2071858 0.4913615 0.2071858 0.4328031 0.1486274 0.4913615 0.1486274 0.4384305 0.1542032 0.4384305 0.2020653 0.4862926 0.2020653 0.4384111 0.1542032 0.4384111 0.2020652 0.4862732 0.2020652 0.4384626 0.1542032 0.4384626 0.2020653 0.4863246 0.2020653 0.438446 0.1542032 0.438446 0.2020652 0.486308 0.2020652 0.4328031 0.2071858 0.4328031 0.1486274 0.4913615 0.1486274 0.4913615 0.2071858 0.4328031 0.2071858 0.4328031 0.1486274 0.4384305 0.1542032 0.4862926 0.2020653 0.4862926 0.1542032 0.4384111 0.1542032 0.4862732 0.2020652 0.4862732 0.1542032 0.4384626 0.1542032 0.4863246 0.2020653 0.4863246 0.1542032 0.438446 0.1542032 0.486308 0.2020652 0.486308 0.1542032 0.4913615 0.2071858 0.4328031 0.1486274 0.4913615 0.1486274 0.4384305 0.1542032 0.4384305 0.2020653 0.4862926 0.2020653 0.4384111 0.1542032 0.4384111 0.2020652 0.4862732 0.2020652 0.4384626 0.1542032 0.4384626 0.2020653 0.4863246 0.2020653 0.438446 0.1542032 0.438446 0.2020652 0.486308 0.2020652 0.4913615 0.2071858 0.4328031 0.2071858 0.4328031 0.1486274 0.4374084 0.1844846 0.4318176 0.1756342 0.4374084 0.1751459 0.4318176 0.1756342 0.4374084 0.1654978 0.4374084 0.1751459 0.4318176 0.1659862 0.4374084 0.1553546 0.4374084 0.1654978 0.4318176 0.1558429 0.4374084 0.1438845 0.4374084 0.1553546 0.4374084 0.2334282 0.4318176 0.2138991 0.4374084 0.2134109 0.4374084 0.2134109 0.4318176 0.2032667 0.4374084 0.2027785 0.4318176 0.2032667 0.4374084 0.193864 0.4374084 0.2027785 0.4318176 0.1943523 0.4374084 0.1844846 0.4374084 0.193864 0.4915643 0.193864 0.4871903 0.1845343 0.4915643 0.1841391 0.4374084 0.193864 0.4586393 0.1845256 0.4586393 0.193864 0.4915643 0.2027785 0.4871903 0.193864 0.4915643 0.193864 0.4374084 0.2027785 0.4586393 0.193864 0.4586393 0.2027785 0.4915643 0.2134109 0.4871903 0.2027785 0.4915643 0.2027785 0.4586393 0.2134109 0.4374084 0.2027785 0.4586393 0.2027785 0.4915643 0.2334282 0.4871903 0.2134109 0.4915643 0.2134109 0.4374084 0.2334282 0.4586393 0.2134109 0.4586393 0.2334282 0.4915643 0.1553546 0.4871903 0.1438845 0.4915643 0.1438845 0.4586393 0.1553546 0.4374084 0.1438845 0.4586393 0.1438845 0.4915643 0.1654978 0.4871903 0.1553546 0.4915643 0.1553546 0.4374084 0.1654978 0.4586393 0.1553546 0.4586393 0.1654978 0.4915643 0.1751459 0.4871903 0.1654978 0.4915643 0.1654978 0.4374084 0.1751459 0.4586393 0.1654978 0.4586393 0.1751459 0.4915643 0.1841391 0.4871903 0.1751459 0.4915643 0.1751459 0.4374084 0.1844846 0.4586393 0.1751459 0.4586393 0.1845256 0.4586393 0.1845256 0.4871903 0.1751459 0.4871903 0.1845343 0.4871903 0.1751459 0.4586393 0.1654978 0.4871903 0.1654978 0.4871903 0.1654978 0.4586393 0.1553546 0.4871903 0.1553546 0.4871903 0.1553546 0.4586393 0.1438845 0.4871903 0.1438845 0.4586393 0.2334282 0.4871903 0.2134109 0.4871903 0.2334282 0.4586393 0.2134109 0.4871903 0.2027785 0.4871903 0.2134109 0.4871903 0.2027785 0.4586393 0.193864 0.4871903 0.193864 0.4871903 0.193864 0.4586393 0.1845256 0.4871903 0.1845343 0.4374084 0.1844846 0.4318176 0.1853284 0.4318176 0.1756342 0.4318176 0.1756342 0.4318176 0.1659862 0.4374084 0.1654978 0.4318176 0.1659862 0.4318176 0.1558429 0.4374084 0.1553546 0.4318176 0.1558429 0.4318176 0.1443729 0.4374084 0.1438845 0.4374084 0.2334282 0.4318176 0.2339166 0.4318176 0.2138991 0.4374084 0.2134109 0.4318176 0.2138991 0.4318176 0.2032667 0.4318176 0.2032667 0.4318176 0.1943523 0.4374084 0.193864 0.4318176 0.1943523 0.4318176 0.1853284 0.4374084 0.1844846 0.4915643 0.193864 0.4871903 0.193864 0.4871903 0.1845343 0.4374084 0.193864 0.4374084 0.1844846 0.4586393 0.1845256 0.4915643 0.2027785 0.4871903 0.2027785 0.4871903 0.193864 0.4374084 0.2027785 0.4374084 0.193864 0.4586393 0.193864 0.4915643 0.2134109 0.4871903 0.2134109 0.4871903 0.2027785 0.4586393 0.2134109 0.4374084 0.2134109 0.4374084 0.2027785 0.4915643 0.2334282 0.4871903 0.2334282 0.4871903 0.2134109 0.4374084 0.2334282 0.4374084 0.2134109 0.4586393 0.2134109 0.4915643 0.1553546 0.4871903 0.1553546 0.4871903 0.1438845 0.4586393 0.1553546 0.4374084 0.1553546 0.4374084 0.1438845 0.4915643 0.1654978 0.4871903 0.1654978 0.4871903 0.1553546 0.4374084 0.1654978 0.4374084 0.1553546 0.4586393 0.1553546 0.4915643 0.1751459 0.4871903 0.1751459 0.4871903 0.1654978 0.4374084 0.1751459 0.4374084 0.1654978 0.4586393 0.1654978 0.4915643 0.1841391 0.4871903 0.1845343 0.4871903 0.1751459 0.4374084 0.1844846 0.4374084 0.1751459 0.4586393 0.1751459 0.4586393 0.1845256 0.4586393 0.1751459 0.4871903 0.1751459 0.4871903 0.1751459 0.4586393 0.1751459 0.4586393 0.1654978 0.4871903 0.1654978 0.4586393 0.1654978 0.4586393 0.1553546 0.4871903 0.1553546 0.4586393 0.1553546 0.4586393 0.1438845 0.4586393 0.2334282 0.4586393 0.2134109 0.4871903 0.2134109 0.4586393 0.2134109 0.4586393 0.2027785 0.4871903 0.2027785 0.4871903 0.2027785 0.4586393 0.2027785 0.4586393 0.193864 0.4871903 0.193864 0.4586393 0.193864 0.4586393 0.1845256 0.4318176 0.1853284 0.4374084 0.1751459 0.4374084 0.1844846 0.4318176 0.1756342 0.4374084 0.1654978 0.4374084 0.1751459 0.4318176 0.1659862 0.4374084 0.1553546 0.4374084 0.1654978 0.4318176 0.1558429 0.4374084 0.1438845 0.4374084 0.1553546 0.4374084 0.2334282 0.4318176 0.2138991 0.4374084 0.2134109 0.4374084 0.2134109 0.4318176 0.2032667 0.4374084 0.2027785 0.4374084 0.2027785 0.4318176 0.1943523 0.4374084 0.193864 0.4318176 0.1943523 0.4374084 0.1844846 0.4374084 0.193864 0.4871903 0.193864 0.4915643 0.1841391 0.4915643 0.193864 0.4586393 0.193864 0.4374084 0.1844846 0.4586393 0.1845256 0.4915643 0.2027785 0.4871903 0.193864 0.4915643 0.193864 0.4586393 0.2027785 0.4374084 0.193864 0.4586393 0.193864 0.4915643 0.2134109 0.4871903 0.2027785 0.4915643 0.2027785 0.4586393 0.2134109 0.4374084 0.2027785 0.4586393 0.2027785 0.4915643 0.2334282 0.4871903 0.2134109 0.4915643 0.2134109 0.4374084 0.2334282 0.4586393 0.2134109 0.4586393 0.2334282 0.4915643 0.1553546 0.4871903 0.1438845 0.4915643 0.1438845 0.4586393 0.1553546 0.4374084 0.1438845 0.4586393 0.1438845 0.4915643 0.1654978 0.4871903 0.1553546 0.4915643 0.1553546 0.4586393 0.1654978 0.4374084 0.1553546 0.4586393 0.1553546 0.4871903 0.1751459 0.4915643 0.1654978 0.4915643 0.1751459 0.4586393 0.1751459 0.4374084 0.1654978 0.4586393 0.1654978 0.4871903 0.1845343 0.4915643 0.1751459 0.4915643 0.1841391 0.4374084 0.1844846 0.4586393 0.1751459 0.4586393 0.1845256 0.4586393 0.1845256 0.4871903 0.1751459 0.4871903 0.1845343 0.4586393 0.1751459 0.4871903 0.1654978 0.4871903 0.1751459 0.4586393 0.1654978 0.4871903 0.1553546 0.4871903 0.1654978 0.4871903 0.1553546 0.4586393 0.1438845 0.4871903 0.1438845 0.4871903 0.2334282 0.4586393 0.2134109 0.4871903 0.2134109 0.4586393 0.2134109 0.4871903 0.2027785 0.4871903 0.2134109 0.4586393 0.2027785 0.4871903 0.193864 0.4871903 0.2027785 0.4586393 0.193864 0.4871903 0.1845343 0.4871903 0.193864 0.4318176 0.1853284 0.4318176 0.1756342 0.4374084 0.1751459 0.4318176 0.1756342 0.4318176 0.1659862 0.4374084 0.1654978 0.4318176 0.1659862 0.4318176 0.1558429 0.4374084 0.1553546 0.4318176 0.1558429 0.4318176 0.1443729 0.4374084 0.1438845 0.4374084 0.2334282 0.4318176 0.2339166 0.4318176 0.2138991 0.4374084 0.2134109 0.4318176 0.2138991 0.4318176 0.2032667 0.4374084 0.2027785 0.4318176 0.2032667 0.4318176 0.1943523 0.4318176 0.1943523 0.4318176 0.1853284 0.4374084 0.1844846 0.4871903 0.193864 0.4871903 0.1845343 0.4915643 0.1841391 0.4586393 0.193864 0.4374084 0.193864 0.4374084 0.1844846 0.4915643 0.2027785 0.4871903 0.2027785 0.4871903 0.193864 0.4586393 0.2027785 0.4374084 0.2027785 0.4374084 0.193864 0.4915643 0.2134109 0.4871903 0.2134109 0.4871903 0.2027785 0.4586393 0.2134109 0.4374084 0.2134109 0.4374084 0.2027785 0.4915643 0.2334282 0.4871903 0.2334282 0.4871903 0.2134109 0.4374084 0.2334282 0.4374084 0.2134109 0.4586393 0.2134109 0.4915643 0.1553546 0.4871903 0.1553546 0.4871903 0.1438845 0.4586393 0.1553546 0.4374084 0.1553546 0.4374084 0.1438845 0.4915643 0.1654978 0.4871903 0.1654978 0.4871903 0.1553546 0.4586393 0.1654978 0.4374084 0.1654978 0.4374084 0.1553546 0.4871903 0.1751459 0.4871903 0.1654978 0.4915643 0.1654978 0.4586393 0.1751459 0.4374084 0.1751459 0.4374084 0.1654978 0.4871903 0.1845343 0.4871903 0.1751459 0.4915643 0.1751459 0.4374084 0.1844846 0.4374084 0.1751459 0.4586393 0.1751459 0.4586393 0.1845256 0.4586393 0.1751459 0.4871903 0.1751459 0.4586393 0.1751459 0.4586393 0.1654978 0.4871903 0.1654978 0.4586393 0.1654978 0.4586393 0.1553546 0.4871903 0.1553546 0.4871903 0.1553546 0.4586393 0.1553546 0.4586393 0.1438845 0.4871903 0.2334282 0.4586393 0.2334282 0.4586393 0.2134109 0.4586393 0.2134109 0.4586393 0.2027785 0.4871903 0.2027785 0.4586393 0.2027785 0.4586393 0.193864 0.4871903 0.193864 0.4586393 0.193864 0.4586393 0.1845256 0.4871903 0.1845343 0.4201295 0.1170838 0.4184683 0.1214157 0.4176831 0.1195468 0.4201295 0.1170838 0.4220036 0.1128396 0.4220036 0.1178564 0.4176831 0.1111493 0.4220036 0.1128396 0.4201295 0.1136122 0.4142116 0.1111258 0.4184683 0.1092804 0.4176831 0.1111493 0.4142116 0.1195702 0.4184683 0.1214157 0.4134517 0.1214495 0.4117322 0.1171404 0.4134517 0.1214495 0.4098687 0.1179382 0.4116854 0.1170269 0.4098687 0.1127579 0.4117322 0.1135557 0.4142116 0.1111258 0.4098687 0.1127579 0.4134517 0.1092466 0.3883493 0.145838 0.3768931 0.1410927 0.3816383 0.1296367 0.4201295 0.1170838 0.4220036 0.1178564 0.4184683 0.1214157 0.4201295 0.1170838 0.4201295 0.1136122 0.4220036 0.1128396 0.4176831 0.1111493 0.4184683 0.1092804 0.4220036 0.1128396 0.4142116 0.1111258 0.4134517 0.1092466 0.4184683 0.1092804 0.4142116 0.1195702 0.4176831 0.1195468 0.4184683 0.1214157 0.4117322 0.1171404 0.4142116 0.1195702 0.4134517 0.1214495 0.4116854 0.1170269 0.409801 0.1177741 0.4098687 0.1127579 0.4142116 0.1111258 0.4117322 0.1135557 0.4098687 0.1127579 0.3816383 0.1296367 0.3883493 0.1296367 0.3883493 0.145838 0.3883493 0.1296367 0.3930944 0.134382 0.3883493 0.145838 0.3930944 0.134382 0.3930944 0.1410927 0.3883493 0.145838 0.3883493 0.145838 0.3816383 0.145838 0.3768931 0.1410927 0.3768931 0.1410927 0.3768931 0.134382 0.3816383 0.1296367 0.335523 0.06197798 0.3527273 0.06118267 0.3374429 0.103513 0.3527273 0.06118267 0.365455 0.07278573 0.3374429 0.103513 0.365455 0.07278573 0.3662503 0.08999007 0.3374429 0.103513 0.3662503 0.08999007 0.3546473 0.1027176 0.3374429 0.103513 0.3374429 0.103513 0.3247153 0.09191 0.32392 0.07470566 0.32392 0.07470566 0.335523 0.06197798 0.3374429 0.103513 0.32392 0.07470566 0.335523 0.06197798 0.3527273 0.06118267 0.3527273 0.06118267 0.365455 0.07278573 0.3374429 0.103513 0.365455 0.07278573 0.3662503 0.08999007 0.3374429 0.103513 0.3662503 0.08999007 0.3546473 0.1027176 0.3374429 0.103513 0.3374429 0.103513 0.3247153 0.09191 0.3527273 0.06118267 0.3247153 0.09191 0.32392 0.07470566 0.3527273 0.06118267</float_array>
          <technique_common>
            <accessor source="#umay_blacksmith_props_02-mesh-map-0-array" count="3192" stride="2">
              <param name="S" type="float"/>
              <param name="T" type="float"/>
            </accessor>
          </technique_common>
        </source>
        <source id="umay_blacksmith_props_02-mesh-map-1">
          <float_array id="umay_blacksmith_props_02-mesh-map-1-array" count="6384">0 0 0 0 0 0 0 0 0 0 0 0 0 0 0 0 0 0 0 0 0 0 0 0 0 0 0 0 0 0 0 0 0 0 0 0 0 0 0 0 0 0 0 0 0 0 0 0 0 0 0 0 0 0 0 0 0 0 0 0 0 0 0 0 0 0 0 0 0 0 0 0 0 0 0 0 0 0 0 0 0 0 0 0 0 0 0 0 0 0 0 0 0 0 0 0 0 0 0 0 0 0 0 0 0 0 0 0 0 0 0 0 0 0 0 0 0 0 0 0 0 0 0 0 0 0 0 0 0 0 0 0 0 0 0 0 0 0 0 0 0 0 0 0 0 0 0 0 0 0 0 0 0 0 0 0 0 0 0 0 0 0 0 0 0 0 0 0 0 0 0 0 0 0 0 0 0 0 0 0 0 0 0 0 0 0 0 0 0 0 0 0 0 0 0 0 0 0 0 0 0 0 0 0 0 0 0 0 0 0 0 0 0 0 0 0 0 0 0 0 0 0 0 0 0 0 0 0 0 0 0 0 0 0 0 0 0 0 0 0 0 0 0 0 0 0 0 0 0 0 0 0 0 0 0 0 0 0 0 0 0 0 0 0 0 0 0 0 0 0 0 0 0 0 0 0 0 0 0 0 0 0 0 0 0 0 0 0 0 0 0 0 0 0 0 0 0 0 0 0 0 0 0 0 0 0 0 0 0 0 0 0 0 0 0 0 0 0 0 0 0 0 0 0 0 0 0 0 0 0 0 0 0 0 0 0 0 0 0 0 0 0 0 0 0 0 0 0 0 0 0 0 0 0 0 0 0 0 0 0 0 0 0 0 0 0 0 0 0 0 0 0 0 0 0 0 0 0 0 0 0 0 0 0 0 0 0 0 0 0 0 0 0 0 0 0 0 0 0 0 0 0 0 0 0 0 0 0 0 0 0 0 0 0 0 0 0 0 0 0 0 0 0 0 0 0 0 0 0 0 0 0 0 0 0 0 0 0 0 0 0 0 0 0 0 0 0 0 0 0 0 0 0 0 0 0 0 0 0 0 0 0 0 0 0 0 0 0 0 0 0 0 0 0 0 0 0 0 0 0 0 0 0 0 0 0 0 0 0 0 0 0 0 0 0 0 0 0 0 0 0 0 0 0 0 0 0 0 0 0 0 0 0 0 0 0 0 0 0 0 0 0 0 0 0 0 0 0 0 0 0 0 0 0 0 0 0 0 0 0 0 0 0 0 0 0 0 0 0 0 0 0 0 0 0 0 0 0 0 0 0 0 0 0 0 0 0 0 0 0 0 0 0 0 0 0 0 0 0 0 0 0 0 0 0 0 0 0 0 0 0 0 0 0 0 0 0 0 0 0 0 0 0 0 0 0 0 0 0 0 0 0 0 0 0 0 0 0 0 0 0 0 0 0 0 0 0 0 0 0 0 0 0 0 0 0 0 0 0 0 0 0 0 0 0 0 0 0 0 0 0 0 0 0 0 0 0 0 0 0 0 0 0 0 0 0 0 0 0 0 0 0 0 0 0 0 0 0 0 0 0 0 0 0 0 0 0 0 0 0 0 0 0 0 0 0 0 0 0 0 0 0 0 0 0 0 0 0 0 0 0 0 0 0 0 0 0 0 0 0 0 0 0 0 0 0 0 0 0 0 0 0 0 0 0 0 0 0 0 0 0 0 0 0 0 0 0 0 0 0 0 0 0 0 0 0 0 0 0 0 0 0 0 0 0 0 0 0 0 0 0 0 0 0 0 0 0 0 0 0 0 0 0 0 0 0 0 0 0 0 0 0 0 0 0 0 0 0 0 0 0 0 0 0 0 0 0 0 0 0 0 0 0 0 0 0 0.7064565 0.6464763 0.7090278 0.6464763 0.7090278 0.7289413 0.7086251 0.7294991 0.7111964 0.7294991 0.7111964 0.7657224 0.7090278 0.6464763 0.7115992 0.6464763 0.7115992 0.7289409 0.4568883 0.2068706 0.4571799 0.2068706 0.4571799 0.210978 0.5632593 0.6464763 0.5984157 0.6464763 0.5984157 0.7294991 0.6687287 0.6464763 0.7038851 0.6464763 0.7038851 0.7294991 0.7064565 0.7289413 0.7064565 0.6464763 0.7090278 0.7289413 0.7086251 0.7657224 0.7086251 0.7294991 0.7111964 0.7657224 0.7090278 0.7289409 0.7090278 0.6464763 0.7115992 0.7289409 0.4568883 0.210978 0.4568883 0.2068706 0.4571799 0.210978 0.5632593 0.7294991 0.5632593 0.6464763 0.5984157 0.7294991 0.6687287 0.7294991 0.6687287 0.6464763 0.7038851 0.7294991 0.4532151 0.2068706 0.4526921 0.2108553 0.4526921 0.2068706 0.4511126 0.2068706 0.4505861 0.2108553 0.4505861 0.2068706 0.4460113 0.2108556 0.4465343 0.2068709 0.4465343 0.2108556 0.6947559 0.7294991 0.6901121 0.7646435 0.6901121 0.7294991 0.4532151 0.2108553 0.4526921 0.2108553 0.4532151 0.2068706 0.4511126 0.2108553 0.4505861 0.2108553 0.4511126 0.2068706 0.4460113 0.2068709 0.4465343 0.2068709 0.4460113 0.2108556 0.694756 0.7646435 0.6901121 0.7646435 0.6947559 0.7294991 0.4558423 0.2108553 0.4563654 0.2068706 0.4563654 0.2108553 0.4521656 0.2068706 0.4516391 0.2108553 0.4516391 0.2068706 0.7040125 0.7646435 0.7086251 0.7294991 0.7086251 0.7646435 0.4484801 0.2068706 0.4479535 0.2108553 0.4479535 0.2068706 0.4558423 0.2068706 0.4563654 0.2068706 0.4558423 0.2108553 0.4521656 0.2108553 0.4516391 0.2108553 0.4521656 0.2068706 0.7040125 0.7294991 0.7086251 0.7294991 0.7040125 0.7646435 0.4484801 0.2108553 0.4479535 0.2108553 0.4484801 0.2068706 0.454261 0.2068706 0.4542611 0.2108553 0.4537381 0.2108553 0.4484801 0.2108553 0.4484801 0.2068706 0.4490066 0.2068706 0.4582915 0.2083187 0.4582915 0.2123035 0.4577685 0.2123035 0.6761801 0.7294991 0.6761801 0.7646435 0.671536 0.7646435 0.4537381 0.2068706 0.454261 0.2068706 0.4537381 0.2108553 0.4490066 0.2108553 0.4484801 0.2108553 0.4490066 0.2068706 0.4577685 0.2083187 0.4582915 0.2083187 0.4577685 0.2123035 0.671536 0.7294991 0.6761801 0.7294991 0.671536 0.7646435 0.4542611 0.2108553 0.4542611 0.2068706 0.454784 0.2068706 0.4500596 0.2108553 0.4500596 0.2068706 0.4505861 0.2068706 0.4465343 0.2108556 0.4465343 0.2068709 0.4470573 0.2068709 0.6901121 0.7294991 0.6901121 0.7646435 0.6854681 0.7646435 0.454784 0.2108553 0.4542611 0.2108553 0.454784 0.2068706 0.4505861 0.2108553 0.4500596 0.2108553 0.4505861 0.2068706 0.4470573 0.2108556 0.4465343 0.2108556 0.4470573 0.2068709 0.6854681 0.7294991 0.6901121 0.7294991 0.6854681 0.7646435 0.7038851 0.6464763 0.7064565 0.6464763 0.7064565 0.7289413 0.4582951 0.2083187 0.4585866 0.2083187 0.4585866 0.2124258 0.7115992 0.6464763 0.7141705 0.6464763 0.7141705 0.7289409 0.4470573 0.2068709 0.4473488 0.2068709 0.4473488 0.2109783 0.5984157 0.6464763 0.6335722 0.6464763 0.6335722 0.7294991 0.6335722 0.6464763 0.6687287 0.6464763 0.6687287 0.7294991 0.7038852 0.7289413 0.7038851 0.6464763 0.7064565 0.7289413 0.4582951 0.2124258 0.4582951 0.2083187 0.4585866 0.2124258 0.7115992 0.7289409 0.7115992 0.6464763 0.7141705 0.7289409 0.4470573 0.2109783 0.4470573 0.2068709 0.4473488 0.2109783 0.5984157 0.7294991 0.5984157 0.6464763 0.6335722 0.7294991 0.6335722 0.7294991 0.6335722 0.6464763 0.6687287 0.7294991 0.5632593 0.7295009 0.584971 0.7518723 0.5632593 0.7518741 0.5632593 0.7295009 0.584971 0.7294991 0.584971 0.7518723 0.671536 0.7518715 0.6499665 0.7294991 0.671536 0.7294991 0.671536 0.7518715 0.6499666 0.7518715 0.6499665 0.7294991 0.584971 0.7294991 0.6066696 0.7518715 0.584971 0.7518715 0.584971 0.7294991 0.6066696 0.7294991 0.6066696 0.7518715 0.6499665 0.7518715 0.6283681 0.7294991 0.6499665 0.7294991 0.6499665 0.7518715 0.6283681 0.7518715 0.6283681 0.7294991 0.6066696 0.7294991 0.6283681 0.7518715 0.6066696 0.7518715 0.6066696 0.7294991 0.6283681 0.7294991 0.6283681 0.7518715 0.4605826 0.2083187 0.4605826 0.2109331 0.4603769 0.2109331 0.4555062 0.2108553 0.4557118 0.2108553 0.4557118 0.2110673 0.4609941 0.2109331 0.4609941 0.2083187 0.4611999 0.2083187 0.4553005 0.2110673 0.4550949 0.2110673 0.4550949 0.2108553 0.4597597 0.2109343 0.4597597 0.2083187 0.4599654 0.2109343 0.4599654 0.2109343 0.4599654 0.2083187 0.4601711 0.2083187 0.4603769 0.2083187 0.4605826 0.2083187 0.4603769 0.2109331 0.4555062 0.2110673 0.4555062 0.2108553 0.4557118 0.2110673 0.4611999 0.2109331 0.4609941 0.2109331 0.4611999 0.2083187 0.4553005 0.2108553 0.4553005 0.2110673 0.4550949 0.2108553 0.4597597 0.2083187 0.4599654 0.2083187 0.4599654 0.2109343 0.4601711 0.2109343 0.4599654 0.2109343 0.4601711 0.2083187 0.4603769 0.2083187 0.4603769 0.2109343 0.4601711 0.2109343 0.4563654 0.2110673 0.4561617 0.2110673 0.4561617 0.2108553 0.4597597 0.2083187 0.4597597 0.2109343 0.4595539 0.2109343 0.4559582 0.2108553 0.4561617 0.2108553 0.4561617 0.2110673 0.4595539 0.2083187 0.4595539 0.2109343 0.4593482 0.2109343 0.4587923 0.2083187 0.4587923 0.2109343 0.4585866 0.2109343 0.4601711 0.2083187 0.4603769 0.2083187 0.4601711 0.2109343 0.4563654 0.2108553 0.4563654 0.2110673 0.4561617 0.2108553 0.4595539 0.2083187 0.4597597 0.2083187 0.4595539 0.2109343 0.4559582 0.2110673 0.4559582 0.2108553 0.4561617 0.2110673 0.4593482 0.2083187 0.4595539 0.2083187 0.4593482 0.2109343 0.4585866 0.2083187 0.4587923 0.2083187 0.4585866 0.2109343 0.4547963 0.2108553 0.4553194 0.2068706 0.4553194 0.2108553 0.4516391 0.2068706 0.4511126 0.2108553 0.4511126 0.2068706 0.4454883 0.2108556 0.4460113 0.2068709 0.4460113 0.2108556 0.4479535 0.2068706 0.447427 0.2108553 0.447427 0.2068706 0.4547963 0.2068706 0.4553194 0.2068706 0.4547963 0.2108553 0.4516391 0.2108553 0.4511126 0.2108553 0.4516391 0.2068706 0.4454883 0.2068709 0.4460113 0.2068709 0.4454883 0.2108556 0.4479535 0.2108553 0.447427 0.2108553 0.4479535 0.2068706 0.4537381 0.2068706 0.4532151 0.2108553 0.4532151 0.2068706 0.4521656 0.2108553 0.4526921 0.2068706 0.4526921 0.2108553 0.4577649 0.2083187 0.457242 0.2123035 0.457242 0.2083187 0.6993998 0.7294991 0.694756 0.7646435 0.694756 0.7294991 0.4537381 0.2108553 0.4532151 0.2108553 0.4537381 0.2068706 0.4521656 0.2068706 0.4526921 0.2068706 0.4521656 0.2108553 0.4577649 0.2123035 0.457242 0.2123035 0.4577649 0.2083187 0.6993998 0.7646435 0.694756 0.7646435 0.6993998 0.7294991 0.4563654 0.2108553 0.4563654 0.2068706 0.4568883 0.2068706 0.4490066 0.2108553 0.4490066 0.2068706 0.4495331 0.2068706 0.6993998 0.7646435 0.6993998 0.7294991 0.7040125 0.7294991 0.6808241 0.7294991 0.6808241 0.7646435 0.6761801 0.7646435 0.4568883 0.2108553 0.4563654 0.2108553 0.4568883 0.2068706 0.4495331 0.2108553 0.4490066 0.2108553 0.4495331 0.2068706 0.7040125 0.7646435 0.6993998 0.7646435 0.7040125 0.7294991 0.6761801 0.7294991 0.6808241 0.7294991 0.6761801 0.7646435 0.4553194 0.2108553 0.4553194 0.2068706 0.4558423 0.2068706 0.4500596 0.2068706 0.4500596 0.2108553 0.4495331 0.2108553 0.4449653 0.2108556 0.4449653 0.2068709 0.4454883 0.2068709 0.6854681 0.7294991 0.6854681 0.7646435 0.6808241 0.7646435 0.4558423 0.2108553 0.4553194 0.2108553 0.4558423 0.2068706 0.4495331 0.2068706 0.4500596 0.2068706 0.4495331 0.2108553 0.4454883 0.2108556 0.4449653 0.2108556 0.4454883 0.2068709 0.6808241 0.7294991 0.6854681 0.7294991 0.6808241 0.7646435 0.7157843 0.6464773 0.7173988 0.6464763 0.7173988 0.6709898 0.4465343 0.2108556 0.4467173 0.2108557 0.4465343 0.2110442 0.7173899 0.7205922 0.7157803 0.7206029 0.7157803 0.6959493 0.4456971 0.2108557 0.4458801 0.2108556 0.4458801 0.2110442 0.7160353 0.7294991 0.7176498 0.7295001 0.7176498 0.7540136 0.7173899 0.6958732 0.7157803 0.6958624 0.7157803 0.6712087 0.7157843 0.6709908 0.7157843 0.6464773 0.7173988 0.6709898 0.4467173 0.2108557 0.4467173 0.2110443 0.4465343 0.2110442 0.7173899 0.6959385 0.7173899 0.7205922 0.7157803 0.6959493 0.4456971 0.2110443 0.4456971 0.2108557 0.4458801 0.2110442 0.7160353 0.7540127 0.7160353 0.7294991 0.7176498 0.7540136 0.7173899 0.6712195 0.7173899 0.6958732 0.7157803 0.6712087 0.4619964 0.2112452 0.4619964 0.2084411 0.4621793 0.208441 0.4455145 0.2108556 0.4455145 0.2110443 0.4453314 0.2110443 0.4618133 0.211245 0.4618133 0.2084411 0.4619964 0.208441 0.4559582 0.211044 0.4557751 0.211044 0.4559582 0.2108553 0.7157843 0.6464773 0.7157843 0.6712087 0.7141706 0.6712075 0.7144255 0.7294996 0.7144255 0.7542294 0.7128109 0.7542288 0.4621793 0.2112451 0.4619964 0.2112452 0.4621793 0.208441 0.4453314 0.2108556 0.4455145 0.2108556 0.4453314 0.2110443 0.4619964 0.211245 0.4618133 0.211245 0.4619964 0.208441 0.4557751 0.211044 0.4557751 0.2108553 0.4559582 0.2108553 0.7141705 0.6464763 0.7157843 0.6464773 0.7141706 0.6712075 0.7128109 0.7294991 0.7144255 0.7294996 0.7128109 0.7542288 0.4502981 0.2108553 0.4502981 0.2112558 0.4501532 0.2109123 0.4530245 0.2108553 0.4530245 0.211159 0.4528653 0.2109262 0.4530308 0.2110881 0.4530245 0.2108924 0.45319 0.2108553 0.450152 0.2112558 0.4500071 0.2111989 0.450152 0.2108553 0.4521656 0.2108553 0.4521656 0.2112265 0.4520207 0.2111681 0.4546064 0.2111597 0.4546062 0.2108553 0.4547621 0.2109332 0.454455 0.2111597 0.4544502 0.2109332 0.4546059 0.2111597 0.4518753 0.2112178 0.4518756 0.2109137 0.4520204 0.2112265 0.4504421 0.2108553 0.4504421 0.2112833 0.4502987 0.2112239 0.4536676 0.2108553 0.4536676 0.2111648 0.4535089 0.2110946 0.4536676 0.2110939 0.4536678 0.2109255 0.4538266 0.2111648 0.4504421 0.2112253 0.4504427 0.2109147 0.4505861 0.2112833 0.4461959 0.2108556 0.4463651 0.2108816 0.4462143 0.2110309 0.450877 0.2112558 0.4507321 0.2111989 0.450877 0.2108553 0.452623 0.2111596 0.4524632 0.2110896 0.452623 0.2108553 0.4526991 0.2109253 0.452859 0.2108553 0.452859 0.2111596 0.4510231 0.2108553 0.4510231 0.2112558 0.4508782 0.2109123 0.4512587 0.2112261 0.4511126 0.2112182 0.4511145 0.2109129 0.4539824 0.2111606 0.4538316 0.21116 0.4538266 0.2109335 0.4539875 0.210856 0.4541383 0.2108553 0.4539824 0.2110825 0.4512587 0.2108632 0.4514047 0.2108553 0.4512605 0.2111685 0.4495331 0.2112836 0.4493884 0.2112248 0.4493889 0.2109141 0.4533493 0.211166 0.45319 0.211096 0.4531902 0.210927 0.4533493 0.2109254 0.4535086 0.2108553 0.4533495 0.2110943 0.4495331 0.2109141 0.4496778 0.2108553 0.4495337 0.2112247 0.4463651 0.2108556 0.4465343 0.2108816 0.4463834 0.2110309 0.4502981 0.2112558 0.450152 0.2112166 0.4501532 0.2109123 0.4530245 0.211159 0.452859 0.2111219 0.4528653 0.2109262 0.45319 0.211159 0.4530308 0.2110881 0.45319 0.2108553 0.4500071 0.2111989 0.4500059 0.2108946 0.450152 0.2108553 0.4520204 0.210864 0.4521656 0.2108553 0.4520207 0.2111681 0.4547573 0.2111597 0.4546064 0.2111597 0.4547621 0.2109332 0.4544502 0.2109332 0.4546062 0.2108553 0.4546059 0.2111597 0.4518756 0.2109137 0.4520204 0.2108553 0.4520204 0.2112265 0.4502981 0.2109134 0.4504421 0.2108553 0.4502987 0.2112239 0.4535086 0.2109263 0.4536676 0.2108553 0.4535089 0.2110946 0.4536678 0.2109255 0.4538266 0.2108553 0.4538266 0.2111648 0.4504427 0.2109147 0.4505861 0.2108553 0.4505861 0.2112833 0.4463651 0.2108816 0.4463651 0.211037 0.4462143 0.2110309 0.4507321 0.2111989 0.4507308 0.2108945 0.450877 0.2108553 0.4524632 0.2110896 0.4524561 0.2108939 0.452623 0.2108553 0.4526921 0.211121 0.4526991 0.2109253 0.452859 0.2111596 0.4510231 0.2112558 0.450877 0.2112166 0.4508782 0.2109123 0.4512587 0.2108553 0.4512587 0.2112261 0.4511145 0.2109129 0.4539824 0.2108553 0.4539824 0.2111606 0.4538266 0.2109335 0.4541383 0.2108553 0.4541383 0.2111606 0.4539824 0.2110825 0.4514047 0.2108553 0.4514047 0.2112261 0.4512605 0.2111685 0.4495331 0.2108553 0.4495331 0.2112836 0.4493889 0.2109141 0.4533493 0.2108553 0.4533493 0.211166 0.4531902 0.210927 0.4535086 0.2108553 0.4535086 0.211166 0.4533495 0.2110943 0.4496778 0.2108553 0.4496778 0.2112836 0.4495337 0.2112247 0.4465343 0.2108816 0.4465343 0.2110372 0.4463834 0.2110309 0.4607884 0.2109331 0.4607884 0.2083187 0.4609941 0.2083187 0.4565702 0.2110673 0.4563654 0.2110673 0.4563654 0.2108553 0.4605826 0.2109331 0.4605826 0.2083187 0.4607884 0.2083187 0.4555062 0.2110673 0.4553005 0.2110673 0.4553005 0.2108553 0.4593482 0.2083187 0.4593482 0.2109343 0.4591424 0.2109343 0.4589366 0.2109343 0.4589366 0.2083187 0.4591424 0.2083187 0.4609941 0.2109331 0.4607884 0.2109331 0.4609941 0.2083187 0.4565702 0.2108553 0.4565702 0.2110673 0.4563654 0.2108553 0.4607884 0.2109331 0.4605826 0.2109331 0.4607884 0.2083187 0.4555062 0.2108553 0.4555062 0.2110673 0.4553005 0.2108553 0.4591424 0.2083187 0.4593482 0.2083187 0.4591424 0.2109343 0.4591424 0.2109343 0.4589366 0.2109343 0.4591424 0.2083187 0.4623619 0.2112413 0.4621793 0.2112403 0.4621793 0.208441 0.4565702 0.2108553 0.4567532 0.2108553 0.4565702 0.211044 0.4616302 0.211245 0.4614472 0.211245 0.4614472 0.208441 0.4451484 0.2110443 0.4449653 0.2110443 0.4449653 0.2108556 0.7141705 0.6959139 0.7157803 0.6959059 0.7157803 0.7205949 0.7128109 0.7542289 0.7111964 0.7542294 0.7111964 0.7294996 0.4623619 0.2084419 0.4623619 0.2112413 0.4621793 0.208441 0.4567532 0.2108553 0.4567532 0.211044 0.4565702 0.211044 0.4616302 0.2084411 0.4616302 0.211245 0.4614472 0.208441 0.4451484 0.2108556 0.4451484 0.2110443 0.4449653 0.2108556 0.7141705 0.7206029 0.7141705 0.6959139 0.7157803 0.7205949 0.7128109 0.7294991 0.7128109 0.7542289 0.7111964 0.7294996 0.7144255 0.7541963 0.7144255 0.729507 0.7160353 0.7294991 0.4456971 0.2110447 0.4455145 0.2110438 0.4456971 0.2108566 0.4613829 0.2083187 0.4613829 0.2111226 0.4611999 0.2111227 0.4453314 0.2110442 0.4451484 0.2110443 0.4451484 0.2108557 0.7141706 0.6958978 0.7141705 0.6712087 0.7157803 0.6712166 0.4618133 0.2084411 0.4618133 0.211245 0.4616302 0.211245 0.7160353 0.7541881 0.7144255 0.7541963 0.7160353 0.7294991 0.4455145 0.2110438 0.4455145 0.2108556 0.4456971 0.2108566 0.4611999 0.2083187 0.4613829 0.2083187 0.4611999 0.2111227 0.4453314 0.2108556 0.4453314 0.2110442 0.4451484 0.2108557 0.7157803 0.6959059 0.7141706 0.6958978 0.7157803 0.6712166 0.4616302 0.208441 0.4618133 0.2084411 0.4616302 0.211245 0.4589313 0.2106894 0.4589313 0.211308 0.4588124 0.2112519 0.4589366 0.2089114 0.4589366 0.2095041 0.4588124 0.2094343 0.4475899 0.2111033 0.4475994 0.2116731 0.447427 0.2111655 0.4483252 0.2114298 0.4481704 0.2114233 0.4483252 0.2108553 0.4518753 0.2108553 0.4518753 0.2112265 0.4517304 0.2111681 0.4542945 0.2111598 0.4542943 0.2108553 0.4544502 0.2109332 0.4541431 0.2111598 0.4541383 0.2109332 0.4542941 0.2111598 0.4523109 0.2112178 0.4523112 0.2109137 0.4524561 0.2112265 0.4507308 0.2108553 0.4507308 0.2112836 0.4505867 0.2112247 0.4476166 0.2116731 0.4475994 0.2113628 0.4477623 0.2114251 0.4475994 0.2109346 0.4475899 0.2111033 0.4474442 0.2108553 0.4498226 0.2112248 0.4498231 0.2109141 0.4499673 0.2112836 0.4461959 0.210869 0.4461959 0.2110148 0.4460664 0.2109907 0.4480196 0.2108922 0.4481704 0.2108553 0.4481704 0.2114452 0.4484801 0.2111656 0.448643 0.2111033 0.4486525 0.2116731 0.4479348 0.2114251 0.4477719 0.2113628 0.4479443 0.2108553 0.44916 0.2108553 0.44916 0.2114739 0.4490411 0.2114178 0.4516391 0.2112265 0.4514937 0.2112185 0.4514942 0.2109137 0.4550949 0.2111599 0.454945 0.211158 0.4549394 0.2109324 0.4547895 0.2108572 0.4549394 0.2108553 0.454784 0.2110828 0.4521656 0.2108632 0.4523109 0.2108553 0.452166 0.2111681 0.4498226 0.2112836 0.4496778 0.2112248 0.4496784 0.2109141 0.4484972 0.2108553 0.4486525 0.2109346 0.448643 0.2111033 0.4479443 0.2115938 0.447789 0.2116731 0.4479348 0.2114251 0.44916 0.2109141 0.4493048 0.2108553 0.4491606 0.2112248 0.4460549 0.2110013 0.4459141 0.2110148 0.4459255 0.2108798 0.4488033 0.2114453 0.4486525 0.2114084 0.4488033 0.2108553 0.4477623 0.2114251 0.4475994 0.2113628 0.4477719 0.2108553 0.685387 0.7652592 0.6864828 0.7646435 0.6864828 0.7698709 0.4489222 0.2108553 0.4489222 0.2114739 0.4488033 0.2109115 0.4517301 0.210864 0.4518753 0.2108553 0.4517304 0.2111681 0.4544455 0.2111598 0.4542945 0.2111598 0.4544502 0.2109332 0.4541383 0.2109332 0.4542943 0.2108553 0.4542941 0.2111598 0.4523112 0.2109137 0.4524561 0.2108553 0.4524561 0.2112265 0.4505861 0.2109141 0.4507308 0.2108553 0.4505867 0.2112247 0.4477719 0.2115938 0.4476166 0.2116731 0.4477623 0.2114251 0.4475899 0.2111033 0.447427 0.2111655 0.4474442 0.2108553 0.4498231 0.2109141 0.4499673 0.2108553 0.4499673 0.2112836 0.4460549 0.2108556 0.4461959 0.210869 0.4460664 0.2109907 0.4490411 0.2108553 0.4490411 0.2114739 0.4489222 0.2109115 0.4589366 0.2100968 0.4589366 0.2106894 0.4588124 0.2101666 0.4589366 0.2095041 0.4589366 0.2100968 0.4588124 0.2100269 0.4483252 0.2108619 0.4484801 0.2108553 0.4484801 0.2114298 0.4516391 0.2108553 0.4516391 0.2112265 0.4514942 0.2109137 0.4550949 0.2108553 0.4550949 0.2111599 0.4549394 0.2109324 0.4549394 0.2108553 0.4549394 0.2111599 0.454784 0.2110828 0.4523109 0.2108553 0.4523109 0.2112265 0.452166 0.2111681 0.4498226 0.2108553 0.4498226 0.2112836 0.4496784 0.2109141 0.4484801 0.2111656 0.4484972 0.2108553 0.448643 0.2111033 0.447789 0.2116731 0.4477719 0.2113628 0.4479348 0.2114251 0.4493048 0.2108553 0.4493048 0.2112836 0.4491606 0.2112248 0.4460549 0.2108556 0.4460549 0.2110013 0.4459255 0.2108798 0.4554274 0.2105067 0.4588716 0.2105067 0.4588716 0.2116425 0.4496001 0.2045933 0.4497736 0.2045933 0.4497736 0.2052991 0.4778772 0.1845721 0.4813216 0.1845721 0.4813215 0.1857075 0.4775978 0.1678601 0.477877 0.1678601 0.477877 0.1689956 0.4517279 0.2111189 0.4482834 0.2111189 0.4482834 0.2099836 0.4847661 0.1845721 0.4813216 0.1845721 0.4813216 0.1834364 0.4554274 0.2116425 0.4554274 0.2105067 0.4588716 0.2116425 0.4496001 0.2052991 0.4496001 0.2045933 0.4497736 0.2052991 0.4487341 0.2065625 0.4487341 0.2054271 0.4521784 0.2065625 0.4775978 0.1689956 0.4775978 0.1678601 0.477877 0.1689956 0.4807941 0.2080458 0.4807941 0.2091813 0.4773496 0.2080458 0.4847661 0.1834366 0.4847661 0.1845721 0.4813216 0.1834364 0.4522488 0.207049 0.4522488 0.2061154 0.4525299 0.2068927 0.447614 0.2047924 0.447614 0.2010169 0.4496188 0.2025942 0.4522488 0.2061154 0.4525299 0.2062716 0.4525299 0.2068927 0.4496188 0.2032153 0.447614 0.2047924 0.4496188 0.2025942 0.446525 0.2010169 0.4474623 0.2010169 0.447614 0.2044016 0.4463734 0.2044016 0.446525 0.2010169 0.447614 0.2044016 0.4549788 0.2129396 0.4549787 0.2072646 0.4559614 0.2105685 0.4549788 0.2129396 0.4520679 0.2129396 0.4549787 0.2072646 0.4520678 0.2072646 0.4520679 0.2129396 0.4514492 0.2082304 0.4549787 0.2072646 0.4559614 0.2096349 0.4559614 0.2105685 0.4520679 0.2129396 0.4520678 0.2072646 0.4549787 0.2072646 0.4520679 0.2129396 0.4514492 0.2119802 0.4514492 0.2082304 0.450124 0.2098886 0.450124 0.1993939 0.4547086 0.2115865 0.4469502 0.207666 0.4469502 0.1971712 0.4515348 0.2093638 0.4503141 0.1979849 0.4503141 0.1926509 0.4551295 0.191788 0.4473383 0.1972303 0.4487838 0.1934435 0.449381 0.1972303 0.4481733 0.1972303 0.4496188 0.2010169 0.4475761 0.2010169 0.4525299 0.2061154 0.4496188 0.2061154 0.4518235 0.1997795 0.4496188 0.1934435 0.4525299 0.1934435 0.4518234 0.1997795 0.44717 0.2113968 0.4484054 0.2072147 0.4484524 0.2113968 0.490109 0.1659217 0.4957352 0.1586335 0.4960604 0.1659217 0.450124 0.1993939 0.4547086 0.197696 0.4547086 0.2115865 0.4469502 0.1971712 0.4515348 0.1954733 0.4515348 0.2093638 0.4551295 0.198848 0.4503141 0.1979849 0.4551295 0.191788 0.4487838 0.1934435 0.4496188 0.1966074 0.449381 0.1972303 0.4473383 0.2003939 0.4481733 0.1972303 0.4475761 0.2010169 0.4496188 0.2061154 0.4499793 0.1997795 0.4518235 0.1997795 0.4499792 0.1997795 0.4496188 0.1934435 0.4518234 0.1997795 0.4485794 0.206755 0.4490298 0.2047924 0.4496188 0.206755 0.44813 0.2047924 0.4485794 0.2067549 0.4475408 0.2067549 0.4497735 0.2112436 0.4457295 0.2076185 0.4497735 0.2059459 0.4918161 0.1793168 0.4937821 0.1793168 0.4954803 0.1864145 0.4497735 0.2112436 0.4457295 0.2095709 0.4457295 0.2076185 0.4559614 0.1934435 0.4559614 0.1934435 0.4559614 0.1934435 0.4954803 0.1864145 0.490109 0.1864145 0.4918161 0.1793168 0.4559614 0.1934435 0.4559614 0.1934435 0.4559614 0.1934435 0.4597678 0.1690371 0.457391 0.1786098 0.4557104 0.1622681 0.4516531 0.1554993 0.4540299 0.1459265 0.4557104 0.1622681 0.4597678 0.1554992 0.4597678 0.1690371 0.4557104 0.1622681 0.4516531 0.1690371 0.4516531 0.1554993 0.4557104 0.1622681 0.457391 0.1459264 0.4597678 0.1554992 0.4557104 0.1622681 0.457391 0.1786098 0.4540298 0.1786098 0.4557104 0.1622681 0.4540298 0.1786098 0.4516531 0.1690371 0.4557104 0.1622681 0.4540299 0.1459265 0.457391 0.1459264 0.4557104 0.1622681 0.4773797 0.1586335 0.4773797 0.1756873 0.4692348 0.1756873 0.4692348 0.2097371 0.4692348 0.1927649 0.477376 0.192741 0.4936618 0.192741 0.4936618 0.2096022 0.4855207 0.2096385 0.4759911 0.1810382 0.4854338 0.1810382 0.4854338 0.199077 0.4773797 0.1756873 0.4773797 0.1586335 0.4855244 0.1586335 0.4773797 0.1756873 0.4773797 0.192741 0.4692348 0.192741 0.4773797 0.2096385 0.4773797 0.1927775 0.4855207 0.192741 0.4773797 0.192741 0.4773797 0.1756873 0.4855244 0.1756873 0.4692348 0.1586335 0.4773797 0.1586335 0.4692348 0.1756873 0.477376 0.2097133 0.4692348 0.2097371 0.477376 0.192741 0.4855207 0.1927775 0.4936618 0.192741 0.4855207 0.2096385 0.4759911 0.199077 0.4759911 0.1810382 0.4854338 0.199077 0.4855244 0.1756873 0.4773797 0.1756873 0.4855244 0.1586335 0.4692348 0.1756873 0.4773797 0.1756873 0.4692348 0.192741 0.4855207 0.2096022 0.4773797 0.2096385 0.4855207 0.192741 0.4855244 0.192741 0.4773797 0.192741 0.4855244 0.1756873 0.453477 0.1990871 0.4523499 0.1990871 0.4534066 0.1983959 0.4523499 0.1990871 0.4515528 0.1958454 0.4517228 0.1955591 0.4515528 0.1958454 0.4515528 0.1912609 0.4517228 0.1915472 0.4515528 0.1912609 0.4523499 0.1880192 0.4524202 0.1887105 0.4523499 0.1880192 0.453477 0.1880192 0.4534066 0.1887105 0.4542741 0.1912609 0.4542741 0.1958454 0.4541042 0.1955591 0.453477 0.1880192 0.4542741 0.1912609 0.4541042 0.1915472 0.4542741 0.1958454 0.453477 0.1990871 0.4534066 0.1983959 0.4523499 0.1990871 0.4524202 0.1983959 0.4534066 0.1983959 0.4524202 0.1983959 0.4523499 0.1990871 0.4517228 0.1955591 0.4517228 0.1955591 0.4515528 0.1958454 0.4517228 0.1915472 0.4517228 0.1915472 0.4515528 0.1912609 0.4524202 0.1887105 0.4524202 0.1887105 0.4523499 0.1880192 0.4534066 0.1887105 0.4541042 0.1915472 0.4542741 0.1912609 0.4541042 0.1955591 0.4534066 0.1887105 0.453477 0.1880192 0.4541042 0.1915472 0.4541042 0.1955591 0.4542741 0.1958454 0.4534066 0.1983959 0.4503151 0.1960428 0.4505955 0.1987961 0.4496382 0.1987961 0.4475734 0.2113415 0.4478538 0.2085885 0.4485307 0.2113415 0.4536902 0.208482 0.4541412 0.2040534 0.4552301 0.208482 0.4512724 0.1960428 0.4515528 0.1987961 0.4505955 0.1987961 0.4494932 0.2018402 0.4497736 0.2045933 0.4488164 0.2045933 0.4471577 0.204053 0.4476087 0.2084817 0.4460687 0.2084817 0.4488163 0.2018402 0.4490967 0.1990871 0.4497736 0.2018402 0.4487052 0.1907722 0.4489856 0.1880192 0.4496626 0.1907722 0.4916535 0.1426811 0.4916535 0.1426811 0.4916535 0.1426811 0.4916535 0.1426811 0.4916535 0.1426811 0.4916535 0.1426811 0.4916535 0.1426811 0.4916535 0.1426811 0.4916535 0.1426811 0.4916535 0.1426811 0.4916535 0.1426811 0.4916535 0.1426811 0.4916535 0.1426811 0.4916535 0.1426811 0.4916535 0.1426811 0.4916535 0.1426811 0.4916535 0.1426811 0.4916535 0.1426811 0.4916535 0.1426811 0.4916535 0.1426811 0.4916535 0.1426811 0.4916535 0.1426811 0.4916535 0.1426811 0.4916535 0.1426811 0.4554274 0.2096771 0.4554274 0.2048833 0.4584681 0.2040534 0.4615089 0.2048833 0.4615089 0.2096768 0.4584681 0.2105067 0.4480456 0.2091593 0.4480456 0.2061794 0.4499359 0.2056636 0.4506494 0.2096768 0.4506494 0.204883 0.4536902 0.2040534 0.4515528 0.1885353 0.4515528 0.1915152 0.4496626 0.1920311 0.4480458 0.2131699 0.4480458 0.2101901 0.4499359 0.2096753 0.4506494 0.2048829 0.4506494 0.2096766 0.4476087 0.2105066 0.4515528 0.192547 0.4515528 0.195527 0.4496626 0.1960428 0.4584681 0.2105067 0.4554274 0.2096771 0.4584681 0.2040534 0.4584681 0.2040534 0.4615089 0.2048833 0.4584681 0.2105067 0.4499359 0.2096753 0.4480456 0.2091593 0.4499359 0.2056636 0.4536902 0.210507 0.4506494 0.2096768 0.4536902 0.2040534 0.4496626 0.1880192 0.4515528 0.1885353 0.4496626 0.1920311 0.4499359 0.213687 0.4480458 0.2131699 0.4499359 0.2096753 0.4476087 0.204053 0.4506494 0.2048829 0.4476087 0.2105066 0.4496626 0.1920311 0.4515528 0.192547 0.4496626 0.1960428 0.4847661 0.1669117 0.4811463 0.1678601 0.4811463 0.1604853 0.4520801 0.1952071 0.4484602 0.1961555 0.4484602 0.1887809 0.4847661 0.1932694 0.4811462 0.1942178 0.4811462 0.186843 0.4517279 0.197104 0.4553476 0.1961555 0.4553476 0.2035303 0.4916535 0.200644 0.4880337 0.2015926 0.4880337 0.1942178 0.4481083 0.1971057 0.4517279 0.1961555 0.4517279 0.20353 0.4509174 0.209542 0.4472976 0.2104905 0.4472976 0.2031157 0.4880337 0.200644 0.4844138 0.2015926 0.4844138 0.1942178 0.4847661 0.1614339 0.4847661 0.1669117 0.4811463 0.1604853 0.4520801 0.1897293 0.4520801 0.1952071 0.4484602 0.1887809 0.4847661 0.1877915 0.4847661 0.1932694 0.4811462 0.186843 0.4517279 0.2025821 0.4517279 0.197104 0.4553476 0.2035303 0.4916535 0.1951662 0.4916535 0.200644 0.4880337 0.1942178 0.4481083 0.2025833 0.4481083 0.1971057 0.4517279 0.20353 0.4509174 0.2040643 0.4509174 0.209542 0.4472976 0.2031157 0.4880337 0.1951662 0.4880337 0.200644 0.4844138 0.1942178 0.4472185 0.211642 0.4506494 0.211642 0.4506459 0.2127663 0.4485307 0.2078826 0.4487043 0.2078826 0.4487043 0.2085885 0.4855818 0.2091817 0.4890127 0.2091817 0.4890162 0.2103057 0.477598 0.1857077 0.4773188 0.1857077 0.477598 0.1845721 0.455623 0.2065625 0.4521785 0.2065625 0.4521785 0.2054271 0.477877 0.1834366 0.4813216 0.1834364 0.4813216 0.1845721 0.447215 0.2127663 0.4472185 0.211642 0.4506459 0.2127663 0.4485307 0.2085885 0.4485307 0.2078826 0.4487043 0.2085885 0.4565191 0.2122434 0.4565156 0.2111194 0.45995 0.2122434 0.4773188 0.1857077 0.4773188 0.1845721 0.477598 0.1845721 0.4530312 0.2071766 0.4530312 0.2078825 0.45089 0.2071766 0.4778771 0.1845721 0.477877 0.1834366 0.4813216 0.1845721 0.4847661 0.186843 0.4813216 0.186843 0.4813216 0.1857075 0.4485292 0.212044 0.4483563 0.212044 0.4485307 0.2113415 0.4813216 0.1868429 0.477877 0.1868429 0.477877 0.1857075 0.4775264 0.1868376 0.4772483 0.1868376 0.4772459 0.1857077 0.4517279 0.2111151 0.4551607 0.2111151 0.4551627 0.2122464 0.4807961 0.2080461 0.4842288 0.2080461 0.4842268 0.2091773 0.4847661 0.1857077 0.4847661 0.186843 0.4813216 0.1857075 0.4483563 0.212044 0.4483578 0.2113415 0.4485307 0.2113415 0.4813216 0.1857075 0.4813216 0.1868429 0.477877 0.1857075 0.4775239 0.1857077 0.4775264 0.1868376 0.4772459 0.1857077 0.4506515 0.2127695 0.4506494 0.2116381 0.4540842 0.2127695 0.4807941 0.2091773 0.4807961 0.2080461 0.4842268 0.2091773 0.477877 0.1689956 0.4813216 0.1689956 0.4813216 0.1701312 0.4499915 0.2043775 0.4499915 0.2050834 0.449818 0.2050834 0.4499915 0.2036716 0.4521328 0.2036716 0.4521328 0.2043774 0.4778771 0.1857077 0.477598 0.1857077 0.477598 0.1845721 0.4510927 0.2116259 0.4545373 0.2116259 0.4545373 0.2127616 0.4847661 0.1689956 0.4813216 0.1689956 0.4813216 0.1678601 0.477877 0.1701312 0.477877 0.1689956 0.4813216 0.1701312 0.449818 0.2043775 0.4499915 0.2043775 0.449818 0.2050834 0.4499915 0.2043774 0.4499915 0.2036716 0.4521328 0.2043774 0.4778772 0.1845721 0.4778771 0.1857077 0.477598 0.1845721 0.4521328 0.2050834 0.4521328 0.2043774 0.4542741 0.2050834 0.4847661 0.1678601 0.4847661 0.1689956 0.4813216 0.1678601 0.4777874 0.1826411 0.4777874 0.1710644 0.4812768 0.1710644 0.4882098 0.1942178 0.4882098 0.1826411 0.4916535 0.1826411 0.4812767 0.1826411 0.4812768 0.1710644 0.4847661 0.1710644 0.4882098 0.1710644 0.4882098 0.1826411 0.4847661 0.1826411 0.4882098 0.1568728 0.4847661 0.1568728 0.4847661 0.1426811 0.4882098 0.1710644 0.4847661 0.1710644 0.4847661 0.1568728 0.4847661 0.1942178 0.4847661 0.1826411 0.4882098 0.1826411 0.4916535 0.1710644 0.4916535 0.1826411 0.4882098 0.1826411 0.4916535 0.1568728 0.4882098 0.1568728 0.4882098 0.1426811 0.4916535 0.1710644 0.4882098 0.1710644 0.4882098 0.1568728 0.4812767 0.1826411 0.4777874 0.1826411 0.4812768 0.1710644 0.4842711 0.200062 0.4808275 0.200062 0.4842711 0.1884855 0.4847661 0.1826411 0.4812767 0.1826411 0.4847661 0.1710644 0.4847661 0.1710644 0.4882098 0.1710644 0.4847661 0.1826411 0.4882098 0.1426811 0.4882098 0.1568728 0.4847661 0.1426811 0.4882098 0.1568728 0.4882098 0.1710644 0.4847661 0.1568728 0.4882098 0.1942178 0.4847661 0.1942178 0.4882098 0.1826411 0.4882098 0.1710644 0.4916535 0.1710644 0.4882098 0.1826411 0.4916535 0.1426811 0.4916535 0.1568728 0.4882098 0.1426811 0.4916535 0.1568728 0.4916535 0.1710644 0.4882098 0.1568728 0 0 0 0 0 0 0 0 0 0 0 0 0 0 0 0 0 0 0 0 0 0 0 0 0 0 0 0 0 0 0 0 0 0 0 0 0 0 0 0 0 0 0 0 0 0 0 0 0 0 0 0 0 0 0 0 0 0 0 0 0 0 0 0 0 0 0 0 0 0 0 0 0 0 0 0 0 0 0 0 0 0 0 0 0 0 0 0 0 0 0 0 0 0 0 0 0 0 0 0 0 0 0 0 0 0 0 0 0 0 0 0 0 0 0 0 0 0 0 0 0 0 0 0 0 0 0 0 0 0 0 0 0 0 0 0 0 0 0 0 0 0 0 0 0 0 0 0 0 0 0 0 0 0 0 0 0 0 0 0 0 0 0 0 0 0 0 0 0 0 0 0 0 0 0 0 0 0 0 0 0 0 0 0 0 0 0 0 0 0 0 0 0 0 0 0 0 0 0 0 0 0 0 0 0 0 0 0 0 0 0 0 0 0 0 0 0 0 0 0 0 0 0 0 0 0 0 0 0 0 0 0 0 0 0 0 0 0 0 0 0 0 0 0 0 0 0 0 0 0 0 0 0 0 0 0 0 0 0 0 0 0 0 0 0 0 0 0 0 0 0 0 0 0 0 0 0 0 0 0 0 0 0 0 0 0 0 0 0 0 0 0 0 0 0 0 0 0 0 0 0 0 0 0 0 0 0 0 0 0 0 0 0 0 0 0 0 0 0 0 0 0 0 0 0 0 0 0 0 0 0 0 0 0 0 0 0 0 0 0 0 0 0 0 0 0 0 0 0 0 0 0 0 0 0 0 0 0 0 0 0 0 0 0 0 0 0 0 0 0 0 0 0 0 0 0 0 0 0 0 0 0 0 0 0 0 0 0 0 0 0 0 0 0 0 0 0 0 0 0 0 0 0 0 0 0 0 0 0 0 0 0 0 0 0 0 0 0 0 0 0 0 0 0 0 0 0 0 0 0 0 0 0 0 0 0 0 0 0 0 0 0 0 0 0 0 0 0 0 0 0 0 0 0 0 0 0 0 0 0 0 0 0 0 0 0 0 0 0 0 0 0 0 0 0 0 0 0 0 0 0 0 0 0 0 0 0 0 0 0 0 0 0 0 0 0 0 0 0 0 0 0 0 0 0 0 0 0 0 0 0 0 0 0 0 0 0 0 0 0 0 0 0 0 0 0 0 0 0 0 0 0 0 0 0 0 0 0 0 0 0 0 0 0 0 0 0 0 0 0 0 0 0 0 0 0 0 0 0 0 0 0 0 0 0 0 0 0 0 0 0 0 0 0 0 0 0 0 0 0 0 0 0 0 0 0 0 0 0 0 0 0 0 0 0 0 0 0 0 0 0 0 0 0 0 0 0 0 0 0 0 0 0 0 0 0 0 0 0 0 0 0 0 0 0 0 0 0 0 0 0 0 0 0 0 0 0 0 0 0 0 0 0 0 0 0 0 0 0 0 0 0 0 0 0 0 0 0 0 0 0 0 0 0 0 0 0 0 0 0 0 0 0 0 0 0 0 0 0 0 0 0 0 0 0 0 0 0 0 0 0 0 0 0 0 0 0 0 0 0 0 0 0 0 0 0 0 0 0 0 0 0 0 0 0 0 0 0 0 0 0 0 0 0 0 0 0 0 0 0 0 0 0 0 0 0 0 0 0 0 0 0 0 0 0 0 0 0 0 0 0 0 0 0 0 0 0 0 0 0 0 0 0 0 0 0 0 0 0 0 0 0 0 0 0 0 0 0 0 0 0 0 0 0 0 0 0 0 0 0 0 0 0 0 0 0 0 0 0 0 0 0 0 0 0 0 0 0 0 0 0 0 0 0 0 0 0 0 0 0 0 0 0 0 0 0 0 0 0 0 0 0 0 0 0 0 0 0 0 0 0 0 0 0 0 0 0 0 0 0 0 0 0 0 0 0 0 0 0 0 0 0 0 0 0 0 0 0 0 0 0 0 0 0 0 0 0 0 0 0 0 0 0 0 0 0 0 0 0 0 0 0 0 0 0 0 0 0 0 0 0 0 0 0 0 0 0 0 0 0 0 0 0 0 0 0 0 0 0 0 0 0 0 0 0 0 0 0 0 0 0 0 0 0 0 0 0 0 0 0 0 0 0 0 0 0 0 0 0 0 0 0 0 0 0 0 0 0 0 0 0 0 0 0 0 0 0 0 0 0 0 0 0 0 0 0 0 0 0 0 0 0 0 0 0 0 0 0 0 0 0 0 0 0 0 0 0 0 0 0 0 0 0 0 0 0 0 0 0 0 0 0 0 0 0 0 0 0 0 0 0 0 0 0 0 0 0 0 0 0 0 0 0 0 0 0 0 0 0 0 0 0 0 0 0 0 0 0 0 0 0 0 0 0 0 0 0 0 0 0 0 0 0 0 0 0 0 0 0 0 0 0 0 0 0 0 0 0 0 0 0 0 0 0 0 0 0 0 0 0 0 0 0 0 0 0 0 0 0 0 0 0 0 0 0 0 0 0 0 0 0 0 0 0 0 0 0 0 0 0 0 0 0 0 0 0 0 0 0 0 0 0 0 0 0 0 0 0 0 0 0 0 0 0 0 0 0 0 0 0 0 0 0 0 0 0 0 0 0 0 0 0 0 0 0 0 0 0 0 0 0 0 0 0 0 0 0 0 0 0 0 0 0 0 0 0 0 0 0 0 0 0 0 0 0 0 0 0 0 0 0 0 0 0 0 0 0 0 0 0 0 0 0 0 0 0 0 0 0 0 0 0 0 0 0 0 0 0 0 0 0 0 0 0 0 0 0 0 0 0 0 0 0 0 0 0 0 0 0 0 0 0 0 0 0 0 0 0 0 0 0 0 0 0 0 0 0 0 0 0 0 0 0 0 0 0 0 0 0 0 0 0 0 0 0 0 0 0 0 0 0 0 0 0 0 0 0 0 0 0 0 0 0 0 0 0 0 0 0 0 0 0 0 0 0 0 0 0 0 0 0 0 0 0 0 0 0 0 0 0 0 0 0 0 0 0 0 0 0 0 0 0 0 0 0 0 0 0 0 0 0 0 0 0 0 0 0 0 0 0 0 0 0 0 0 0 0 0 0 0 0 0 0 0 0 0 0 0 0 0 0 0 0 0 0 0 0 0 0 0 0 0 0 0 0 0 0 0 0 0 0 0 0 0 0 0 0 0 0 0 0 0 0 0 0 0 0 0 0 0 0 0 0 0 0 0 0 0 0 0 0 0 0 0 0 0 0 0 0 0 0 0 0 0 0 0 0 0 0 0 0 0 0 0 0 0 0 0 0 0 0 0 0 0 0 0 0 0 0 0 0 0 0 0 0 0 0 0 0 0 0 0 0 0 0 0 0 0 0 0 0 0 0 0 0 0 0 0 0 0 0 0 0 0 0 0 0 0 0 0 0 0 0 0 0 0 0 0 0 0 0 0 0 0 0 0 0 0 0 0 0 0 0 0 0 0 0 0 0 0 0 0 0 0 0 0 0 0 0 0 0 0 0 0 0 0 0 0 0 0 0 0 0 0 0 0 0 0 0 0 0 0 0 0 0 0 0 0 0 0 0 0 0 0 0 0 0 0 0 0 0 0 0 0 0 0 0 0 0 0 0 0 0 0 0 0 0 0 0 0 0 0 0 0 0 0 0 0 0 0 0 0 0 0 0 0 0 0 0 0 0 0 0 0 0 0 0 0 0 0 0 0 0 0 0 0 0 0 0 0 0 0 0 0 0 0 0 0 0 0 0 0 0 0 0 0 0 0 0 0 0 0 0 0 0 0 0 0 0 0 0 0 0 0 0 0 0 0 0 0 0 0 0 0 0 0 0 0 0 0 0 0 0 0 0 0 0 0 0 0 0 0 0 0 0 0 0 0 0 0 0 0 0 0 0 0 0 0 0 0 0 0 0 0 0 0 0 0 0 0 0 0 0 0 0 0 0 0 0 0 0 0 0 0 0 0 0 0 0 0 0 0 0 0 0 0 0 0 0 0 0 0 0 0 0 0 0 0 0 0 0 0 0 0 0 0 0 0 0 0 0 0 0 0 0 0 0 0 0 0 0 0 0 0 0 0 0 0 0 0 0 0 0 0 0 0 0 0 0 0 0 0 0 0 0 0 0 0 0 0 0 0 0 0 0 0 0 0 0 0 0 0 0 0 0 0 0 0 0 0 0 0 0 0 0 0 0 0 0 0 0 0 0 0 0 0 0 0 0 0 0 0 0 0 0 0 0 0 0 0 0 0 0 0 0 0 0 0 0 0 0 0 0 0 0 0 0 0 0 0 0 0 0 0 0 0 0 0 0 0 0 0 0 0 0 0 0 0 0 0 0 0 0 0 0 0 0 0 0 0 0 0 0 0 0 0 0 0 0 0 0 0 0 0 0 0 0 0 0 0 0 0 0 0 0 0 0 0 0 0 0 0 0 0 0 0 0 0 0 0 0 0 0 0 0 0 0 0 0 0 0 0 0 0 0 0 0 0 0 0 0 0 0 0 0 0 0 0 0 0 0 0 0 0 0 0 0 0 0 0 0 0 0 0 0 0 0 0 0 0 0 0 0 0 0 0 0 0 0 0 0 0 0 0 0 0 0 0 0 0 0 0 0 0 0 0 0 0 0 0 0 0 0 0 0 0 0 0 0 0 0 0 0 0 0 0 0 0 0 0 0 0 0 0 0 0 0 0 0 0 0 0 0 0 0 0 0 0 0 0 0 0 0 0 0 0 0 0 0 0 0 0 0 0 0 0 0 0 0 0 0 0 0 0 0 0 0 0 0 0 0 0 0 0 0 0 0 0 0 0 0 0 0 0 0 0 0 0 0 0 0 0 0 0 0 0 0 0 0 0 0 0 0 0 0 0 0 0 0 0 0 0 0 0 0 0 0 0 0 0 0 0 0 0 0 0 0 0 0 0 0 0 0 0 0 0 0 0 0 0 0 0 0 0 0 0 0 0 0 0 0 0 0 0 0 0 0 0 0 0 0 0 0 0 0 0 0 0 0 0 0 0 0 0 0 0 0 0 0 0 0 0 0 0 0 0 0 0 0 0 0 0 0 0 0 0 0 0 0 0 0 0 0 0 0 0 0 0 0 0 0 0 0 0 0 0 0 0 0 0 0 0 0 0 0 0 0 0 0 0 0 0 0 0 0 0 0 0 0 0 0 0 0 0 0 0 0 0 0 0 0 0 0 0 0 0 0 0 0 0 0 0 0 0 0 0 0 0 0 0 0 0 0 0 0 0 0 0 0 0 0 0 0 0 0 0 0 0 0 0 0 0 0 0 0 0 0 0 0 0 0 0 0 0 0 0 0 0 0 0 0 0 0 0 0 0 0 0 0 0 0 0 0 0 0 0 0 0 0 0 0 0 0 0 0 0 0 0 0 0 0 0 0 0 0 0 0 0 0 0 0 0 0 0 0 0 0 0 0 0 0 0 0 0 0 0 0 0 0 0 0 0 0 0 0 0 0 0 0 0 0 0 0 0 0 0 0 0 0 0 0 0 0 0 0 0 0 0 0 0 0 0 0 0 0 0 0 0 0 0 0 0 0 0 0 0 0 0 0 0 0 0 0 0 0 0 0 0 0 0 0 0 0 0 0 0 0 0 0 0 0 0 0 0 0 0 0 0 0 0 0 0 0 0 0 0 0 0 0 0 0 0 0 0 0 0 0 0 0 0 0 0 0 0 0 0 0 0 0 0 0 0 0 0 0 0 0 0 0 0 0 0 0 0 0 0 0 0 0 0 0 0 0 0 0 0 0 0 0 0 0 0 0 0 0 0 0 0 0 0 0 0 0 0 0 0 0 0 0 0 0 0 0 0 0 0 0 0 0 0 0 0 0 0 0 0 0 0 0 0 0 0 0 0 0 0 0 0 0 0 0 0 0 0 0 0 0 0 0 0 0 0 0 0 0 0 0 0 0 0 0 0 0 0 0 0 0 0 0 0 0 0 0 0 0 0 0 0 0 0 0 0 0 0 0 0 0 0 0 0 0 0 0 0 0 0 0 0 0 0 0 0 0 0 0 0 0 0 0 0 0 0 0 0 0 0 0 0 0 0 0 0 0 0 0 0 0 0 0 0</float_array>
          <technique_common>
            <accessor source="#umay_blacksmith_props_02-mesh-map-1-array" count="3192" stride="2">
              <param name="S" type="float"/>
              <param name="T" type="float"/>
            </accessor>
          </technique_common>
        </source>
        <source id="umay_blacksmith_props_02-mesh-map-2">
          <float_array id="umay_blacksmith_props_02-mesh-map-2-array" count="6384">0 0 0 0 0 0 0 0 0 0 0 0 0 0 0 0 0 0 0 0 0 0 0 0 0 0 0 0 0 0 0 0 0 0 0 0 0 0 0 0 0 0 0 0 0 0 0 0 0 0 0 0 0 0 0 0 0 0 0 0 0 0 0 0 0 0 0 0 0 0 0 0 0 0 0 0 0 0 0 0 0 0 0 0 0 0 0 0 0 0 0 0 0 0 0 0 0 0 0 0 0 0 0 0 0 0 0 0 0 0 0 0 0 0 0 0 0 0 0 0 0 0 0 0 0 0 0 0 0 0 0 0 0 0 0 0 0 0 0 0 0 0 0 0 0 0 0 0 0 0 0 0 0 0 0 0 0 0 0 0 0 0 0 0 0 0 0 0 0 0 0 0 0 0 0 0 0 0 0 0 0 0 0 0 0 0 0 0 0 0 0 0 0 0 0 0 0 0 0 0 0 0 0 0 0 0 0 0 0 0 0 0 0 0 0 0 0 0 0 0 0 0 0 0 0 0 0 0 0 0 0 0 0 0 0 0 0 0 0 0 0 0 0 0 0 0 0 0 0 0 0 0 0 0 0 0 0 0 0 0 0 0 0 0 0 0 0 0 0 0 0 0 0 0 0 0 0 0 0 0 0 0 0 0 0 0 0 0 0 0 0 0 0 0 0 0 0 0 0 0 0 0 0 0 0 0 0 0 0 0 0 0 0 0 0 0 0 0 0 0 0 0 0 0 0 0 0 0 0 0 0 0 0 0 0 0 0 0 0 0 0 0 0 0 0 0 0 0 0 0 0 0 0 0 0 0 0 0 0 0 0 0 0 0 0 0 0 0 0 0 0 0 0 0 0 0 0 0 0 0 0 0 0 0 0 0 0 0 0 0 0 0 0 0 0 0 0 0 0 0 0 0 0 0 0 0 0 0 0 0 0 0 0 0 0 0 0 0 0 0 0 0 0 0 0 0 0 0 0 0 0 0 0 0 0 0 0 0 0 0 0 0 0 0 0 0 0 0 0 0 0 0 0 0 0 0 0 0 0 0 0 0 0 0 0 0 0 0 0 0 0 0 0 0 0 0 0 0 0 0 0 0 0 0 0 0 0 0 0 0 0 0 0 0 0 0 0 0 0 0 0 0 0 0 0 0 0 0 0 0 0 0 0 0 0 0 0 0 0 0 0 0 0 0 0 0 0 0 0 0 0 0 0 0 0 0 0 0 0 0 0 0 0 0 0 0 0 0 0 0 0 0 0 0 0 0 0 0 0 0 0 0 0 0 0 0 0 0 0 0 0 0 0 0 0 0 0 0 0 0 0 0 0 0 0 0 0 0 0 0 0 0 0 0 0 0 0 0 0 0 0 0 0 0 0 0 0 0 0 0 0 0 0 0 0 0 0 0 0 0 0 0 0 0 0 0 0 0 0 0 0 0 0 0 0 0 0 0 0 0 0 0 0 0 0 0 0 0 0 0 0 0 0 0 0 0 0 0 0 0 0 0 0 0 0 0 0 0 0 0 0 0 0 0 0 0 0 0 0 0 0 0 0 0 0 0 0 0 0 0 0 0 0 0 0 0 0 0 0 0 0 0 0 0 0 0 0 0 0 0 0 0 0 0 0 0 0 0 0 0 0 0 0 0 0 0 0 0 0 0 0 0 0 0 0 0 0 0 0 0 0 0 0 0 0 0 0 0 0 0 0 0 0 0 0 0 0 0 0 0 0 0 0 0 0 0 0 0 0 0 0 0 0 0 0 0 0 0 0 0 0 0 0 0 0 0 0 0 0 0 0 0 0 0 0 0 0 0 0 0 0 0 0 0 0 0 0 0 0 0 0 0 0 0 0 0 0.9657627 0.02525383 0.9678902 0.02525365 0.9678902 0.09195238 0.6955756 0.8638632 0.6977031 0.863863 0.6977031 0.8929577 0.9283465 0.9381666 0.9262191 0.9381665 0.9262191 0.8714666 0.9668668 0.9608804 0.968994 0.9608779 0.968994 0.9899038 0.4949911 0.8776438 0.4659032 0.8776453 0.4659032 0.8109462 0.8806176 0.423887 0.8516097 0.4238682 0.8516097 0.3571651 0.9657627 0.09195256 0.9657627 0.02525383 0.9678902 0.09195238 0.6955756 0.8929578 0.6955756 0.8638632 0.6977031 0.8929577 0.9283465 0.8714667 0.9283465 0.9381666 0.9262191 0.8714666 0.9668668 0.9899063 0.9668668 0.9608804 0.968994 0.9899038 0.4949911 0.8109447 0.4949911 0.8776438 0.4659032 0.8109462 0.8806176 0.3571839 0.8806176 0.423887 0.8516097 0.3571651 0.2274625 0.9967267 0.2313044 0.9684903 0.2313044 0.9967271 0.9971858 0.7582964 0.993345 0.7865331 0.993345 0.7582961 0.1844927 0.9941005 0.1883347 0.9658635 0.1883347 0.9941003 0.9955317 0.2050927 0.9993634 0.1768634 0.9993634 0.2050971 0.2274625 0.96849 0.2313044 0.9684903 0.2274625 0.9967267 0.9971858 0.7865334 0.993345 0.7865331 0.9971858 0.7582964 0.1844927 0.9658637 0.1883347 0.9658635 0.1844927 0.9941005 0.9955317 0.176859 0.9993634 0.1768634 0.9955317 0.2050927 0.9944293 0.6566895 0.9905874 0.684926 0.9905874 0.6566892 0.5795907 0.9696737 0.57575 0.9979105 0.57575 0.9696735 0.2759029 0.9941018 0.2797448 0.9658647 0.2797448 0.9941015 0.330627 0.9990203 0.3344586 0.970791 0.3344586 0.9990248 0.9944293 0.6849263 0.9905874 0.684926 0.9944293 0.6566895 0.5795907 0.9979108 0.57575 0.9979105 0.5795907 0.9696737 0.2759029 0.965865 0.2797448 0.9658647 0.2759029 0.9941018 0.330627 0.9707865 0.3344586 0.970791 0.330627 0.9990203 0.9905683 0.5264176 0.9905683 0.4981809 0.9944102 0.4981812 0.05245751 0.9693108 0.05245751 0.9975479 0.04861652 0.9975476 0.9942106 0.8509824 0.9942106 0.8792192 0.9903686 0.8792195 0.8329961 0.9702098 0.8329961 0.9984436 0.8291643 0.9984391 0.9944102 0.5264179 0.9905683 0.5264176 0.9944102 0.4981812 0.04861652 0.9693105 0.05245751 0.9693108 0.04861652 0.9975476 0.9903686 0.8509827 0.9942106 0.8509824 0.9903686 0.8792195 0.8291643 0.9702054 0.8329961 0.9702098 0.8291643 0.9984391 0.4962643 0.9957499 0.4962643 0.9675132 0.5001062 0.9675135 0.9966404 0.8913863 0.9966404 0.9196233 0.9927995 0.919623 0.5295784 0.9945116 0.5295784 0.9662747 0.5334203 0.9662745 0.8227859 0.9702098 0.8227859 0.9984436 0.8189542 0.9984391 0.5001062 0.9957502 0.4962643 0.9957499 0.5001062 0.9675135 0.9927995 0.891386 0.9966404 0.8913863 0.9927995 0.919623 0.5334204 0.9945113 0.5295784 0.9945116 0.5334203 0.9662745 0.8189542 0.9702054 0.8227859 0.9702098 0.8189542 0.9984391 0.9670925 0.3280672 0.9692199 0.328067 0.9692199 0.3947657 0.1543462 0.9575236 0.1564736 0.9575234 0.1564736 0.9866181 0.8101599 0.8804059 0.8122873 0.8804061 0.8122873 0.947106 0.9501845 0.9930661 0.9480574 0.9930686 0.9480574 0.9640427 0.8806975 0.3558896 0.8516097 0.3558911 0.8516097 0.2891919 0.7854639 0.8815041 0.7564561 0.8814853 0.7564561 0.8147823 0.9670925 0.3947659 0.9670925 0.3280672 0.9692199 0.3947657 0.1543462 0.9866182 0.1543462 0.9575236 0.1564736 0.9866181 0.8101599 0.9471058 0.8101599 0.8804059 0.8122873 0.947106 0.9501845 0.9640402 0.9501845 0.9930661 0.9480574 0.9640427 0.8806976 0.2891904 0.8806975 0.3558896 0.8516097 0.2891919 0.7854639 0.814801 0.7854639 0.8815041 0.7564561 0.8147823 0.9684745 0.1751838 0.9505581 0.1571895 0.9684745 0.1572104 0.9684745 0.1751838 0.9505581 0.1751629 0.9505581 0.1571895 0.9492987 0.4304305 0.9672483 0.4483924 0.9492987 0.4484037 0.9492987 0.4304305 0.9672483 0.4304192 0.9672483 0.4483924 0.9515564 0.2360162 0.9694287 0.2540004 0.9515564 0.2539914 0.9515564 0.2360162 0.9694287 0.2360252 0.9694287 0.2540004 0.9515564 0.2552744 0.9693377 0.2732562 0.9515564 0.2732498 0.9515564 0.2552744 0.9693377 0.2552809 0.9693377 0.2732562 0.9515564 0.2167671 0.969431 0.2347321 0.9515564 0.2347422 0.9515564 0.2167671 0.969431 0.2167569 0.969431 0.2347321 0.9923738 0.6165157 0.9923739 0.599209 0.9938753 0.5992076 0.6072826 0.2967259 0.6058591 0.2967286 0.6058591 0.2952263 0.3498321 0.9694297 0.3498321 0.9515344 0.3513333 0.9515407 0.6099788 0.2967283 0.6085559 0.2967259 0.6085559 0.2952236 0.4294339 0.9647051 0.4294339 0.98324 0.4279327 0.9647051 0.7830353 0.9939422 0.7830353 0.9754491 0.7845359 0.9754457 0.9938753 0.6165143 0.9923738 0.6165157 0.9938753 0.5992076 0.6072826 0.2952236 0.6072826 0.2967259 0.6058591 0.2952263 0.3513333 0.9694361 0.3498321 0.9694297 0.3513333 0.9515407 0.6099788 0.2952259 0.6099788 0.2967283 0.6085559 0.2952236 0.4294339 0.98324 0.4279327 0.9832399 0.4279327 0.9647051 0.7845359 0.9939388 0.7830353 0.9939422 0.7845359 0.9754457 0.113891 0.8188848 0.113891 0.8035169 0.1153923 0.8035144 0.6228336 0.2967259 0.6215541 0.2967303 0.6215541 0.295228 0.9913376 0.7737867 0.9913376 0.7901358 0.9898365 0.7901232 0.6253854 0.2967298 0.6241069 0.2967259 0.6241069 0.2952236 0.1353667 0.9770316 0.1353666 0.9584969 0.1368679 0.9584968 0.2825179 0.9658647 0.2825179 0.9843685 0.2810181 0.9843725 0.1153923 0.8188822 0.113891 0.8188848 0.1153923 0.8035144 0.6228336 0.2952236 0.6228336 0.2967259 0.6215541 0.295228 0.9898365 0.7737742 0.9913376 0.7737867 0.9898365 0.7901232 0.6253854 0.2952275 0.6253854 0.2967298 0.6241069 0.2952236 0.1368679 0.9770315 0.1353667 0.9770316 0.1368679 0.9584968 0.2810181 0.9658689 0.2825179 0.9658647 0.2810181 0.9843725 0.6807386 0.9681047 0.6768967 0.9963411 0.6768967 0.9681044 0.5847047 0.9696738 0.580864 0.9979105 0.580864 0.9696735 0.2746296 0.9658647 0.2707877 0.9941018 0.2707877 0.965865 0.9989827 0.2882464 0.9951511 0.3164756 0.9951511 0.2882419 0.6807386 0.9963414 0.6768967 0.9963411 0.6807386 0.9681047 0.5847047 0.9979108 0.580864 0.9979105 0.5847047 0.9696738 0.2746296 0.9941015 0.2707877 0.9941018 0.2746296 0.9658647 0.9989827 0.3164801 0.9951511 0.3164756 0.9989827 0.2882464 0.9905276 0.493329 0.9943695 0.4650926 0.9943695 0.4933293 0.9969053 0.5296705 0.9930646 0.5579074 0.9930646 0.5296702 0.1832194 0.9658635 0.1793774 0.9941005 0.1793774 0.9658637 0.2242312 0.9708819 0.2203994 0.9991112 0.2203994 0.9708775 0.9905276 0.4650923 0.9943695 0.4650926 0.9905276 0.493329 0.9969053 0.5579076 0.9930646 0.5579074 0.9969053 0.5296705 0.1832194 0.9941003 0.1793774 0.9941005 0.1832194 0.9658635 0.2242312 0.9991157 0.2203994 0.9991112 0.2242312 0.9708819 0.9906084 0.7181254 0.9906084 0.6898887 0.9944503 0.689889 0.9968583 0.2158682 0.9968583 0.2441053 0.9930174 0.2441051 0.1934499 0.9658635 0.1934499 0.9941003 0.1896079 0.9941005 0.1974568 0.9986886 0.1974568 0.9704549 0.2012885 0.9704594 0.9944503 0.7181257 0.9906084 0.7181254 0.9944503 0.689889 0.9930174 0.2158679 0.9968583 0.2158682 0.9930174 0.2441051 0.1896079 0.9658637 0.1934499 0.9658635 0.1896079 0.9941005 0.2012885 0.9986931 0.1974568 0.9986886 0.2012885 0.9704594 0.9904567 0.6460304 0.9904567 0.6177937 0.9942985 0.617794 0.04734337 0.9693108 0.04734337 0.9975479 0.04350244 0.9975476 0.5535711 0.9658043 0.5535711 0.9940411 0.5497291 0.9940413 0.827891 0.9702098 0.827891 0.9984436 0.8240593 0.9984391 0.9942985 0.6460307 0.9904567 0.6460304 0.9942985 0.617794 0.04350239 0.9693105 0.04734337 0.9693108 0.04350244 0.9975476 0.5497291 0.9658045 0.5535711 0.9658043 0.5497291 0.9940413 0.8240593 0.9702054 0.827891 0.9702098 0.8240593 0.9984391 0.9957236 0.6535168 0.9966707 0.6537178 0.9966707 0.673136 0.6318648 0.296571 0.6318648 0.2952436 0.63319 0.2965509 0.06820923 0.9772072 0.06916862 0.9771031 0.06916862 0.9968532 0.6357886 0.2952433 0.6357886 0.2965708 0.6344633 0.2965511 0.7159512 0.9588921 0.7169094 0.9588911 0.7169094 0.978766 0.4729178 0.787338 0.4738833 0.7874039 0.4738833 0.8072283 0.9957236 0.6729351 0.9957236 0.6535168 0.9966707 0.673136 0.6318648 0.2952436 0.63319 0.2952236 0.63319 0.2965509 0.06820923 0.9969573 0.06820923 0.9772072 0.06916862 0.9968532 0.6344633 0.2952236 0.6357886 0.2952433 0.6344633 0.2965511 0.7159512 0.978767 0.7159512 0.9588921 0.7169094 0.978766 0.4729178 0.8071625 0.4729178 0.787338 0.4738833 0.8072283 0.4457518 0.994235 0.4457519 0.9743856 0.4467471 0.9744306 0.5995187 0.6646217 0.5995187 0.6658151 0.5983714 0.6661236 0.1507173 0.9948458 0.1507173 0.9749712 0.151674 0.9749771 0.5970981 0.664929 0.5970982 0.6661232 0.5959504 0.6646217 0.1526064 0.974971 0.1526064 0.9948456 0.1516741 0.9948517 0.4448606 0.9942854 0.4448606 0.9744359 0.4457519 0.9743856 0.4467471 0.9942802 0.4457518 0.994235 0.4467471 0.9744306 0.5983714 0.6649302 0.5995187 0.6646217 0.5983714 0.6661236 0.1516741 0.9948517 0.1507173 0.9948458 0.151674 0.9749771 0.5970982 0.6661232 0.5959504 0.6658159 0.5959504 0.6646217 0.151674 0.9749771 0.1526064 0.974971 0.1516741 0.9948517 0.4457518 0.994235 0.4448606 0.9942854 0.4457519 0.9743856 0.7988442 0.6605354 0.8013699 0.6592451 0.7995517 0.6610547 0.7995517 0.6610547 0.8014778 0.6600878 0.8003718 0.6615632 0.812552 0.661767 0.8115379 0.6608204 0.8120383 0.6599643 0.8279779 0.6668753 0.8272081 0.6662732 0.8279779 0.6641675 0.8007919 0.6650453 0.798631 0.6635559 0.799402 0.6632463 0.801214 0.6643997 0.799402 0.6632463 0.8002921 0.6627554 0.8106742 0.6632984 0.812234 0.6629217 0.8108611 0.6641363 0.8108611 0.6641363 0.8129577 0.663635 0.8110063 0.6649254 0.870759 0.28754 0.8698792 0.2846853 0.870759 0.2849797 0.799402 0.6632463 0.7995517 0.6610547 0.8003718 0.6615632 0.812234 0.6629217 0.812552 0.661767 0.8129577 0.663635 0.8699325 0.2874991 0.8692947 0.285427 0.870759 0.28754 0.6007919 0.6646217 0.6020269 0.6648036 0.6009283 0.6658633 0.8031268 0.6637692 0.8037742 0.6632626 0.8056492 0.6650502 0.8037742 0.6632626 0.8046525 0.6627335 0.805698 0.6642222 0.7960886 0.6615675 0.7952614 0.6610065 0.7971879 0.6600403 0.7945608 0.6605348 0.7970869 0.6592451 0.7952614 0.6610065 0.805072 0.6592451 0.8054457 0.6599028 0.8036248 0.6610687 0.8054457 0.6599028 0.8059197 0.6606677 0.8045729 0.6615402 0.7973577 0.6636322 0.7969307 0.6643686 0.796009 0.6627625 0.7969307 0.6643686 0.7965089 0.665059 0.7951118 0.6632035 0.802914 0.6607457 0.8036248 0.6610687 0.8037742 0.6632626 0.8036248 0.6610687 0.8045729 0.6615402 0.8046525 0.6627335 0.796009 0.6627625 0.7951118 0.6632035 0.7960886 0.6615675 0.7951118 0.6632035 0.7943477 0.6635627 0.7952614 0.6610065 0.6043771 0.6657043 0.6033002 0.6657043 0.6043761 0.6646217 0.8013699 0.6592451 0.8014778 0.6600878 0.7995517 0.6610547 0.8014778 0.6600878 0.8016407 0.6610031 0.8003718 0.6615632 0.8135394 0.6615113 0.812552 0.661767 0.8120383 0.6599643 0.8135394 0.6615113 0.8120383 0.6599643 0.8123738 0.6592451 0.801214 0.6643997 0.8007919 0.6650453 0.799402 0.6632463 0.8016407 0.6636208 0.801214 0.6643997 0.8002921 0.6627554 0.812234 0.6629217 0.8129577 0.663635 0.8108611 0.6641363 0.8129577 0.663635 0.8135394 0.6642244 0.8110063 0.6649254 0.799402 0.6632463 0.798631 0.6635559 0.7995517 0.6610547 0.8002921 0.6627554 0.799402 0.6632463 0.8003718 0.6615632 0.812552 0.661767 0.8135394 0.6615113 0.8129577 0.663635 0.8692947 0.285427 0.8698792 0.2846853 0.870759 0.28754 0.6020269 0.6648036 0.6020269 0.6659038 0.6009283 0.6658633 0.8037742 0.6632626 0.805698 0.6642222 0.8056492 0.6650502 0.8046525 0.6627335 0.8059197 0.6632888 0.805698 0.6642222 0.7973577 0.6610078 0.7960886 0.6615675 0.7971879 0.6600403 0.7970869 0.6592451 0.7971879 0.6600403 0.7952614 0.6610065 0.8512605 0.1872882 0.8520994 0.1848084 0.8520994 0.187211 0.8036248 0.6610687 0.8054457 0.6599028 0.8045729 0.6615402 0.7969307 0.6643686 0.7951118 0.6632035 0.796009 0.6627625 0.8520994 0.1848084 0.8512605 0.1872882 0.8506475 0.1867201 0.8031268 0.6637692 0.802914 0.6607457 0.8037742 0.6632626 0.8037742 0.6632626 0.8036248 0.6610687 0.8046525 0.6627335 0.7951118 0.6632035 0.7952614 0.6610065 0.7960886 0.6615675 0.7943477 0.6635627 0.7945608 0.6605348 0.7952614 0.6610065 0.6427481 0.2967503 0.642169 0.2959954 0.6427481 0.2952236 0.2242737 0.9692888 0.2242737 0.9516144 0.2257751 0.9516133 0.5992047 0.2967259 0.5977551 0.2967281 0.5977551 0.2952257 0.7549419 0.9766312 0.7549419 0.9947844 0.7534407 0.9947796 0.600478 0.2952236 0.6019271 0.2952255 0.6019271 0.2967278 0.6703661 0.9590794 0.6703661 0.9776144 0.6688649 0.9776144 0.8492743 0.9941218 0.8492743 0.9756309 0.8507751 0.975628 0.2257751 0.9692876 0.2242737 0.9692888 0.2257751 0.9516133 0.5992047 0.2952236 0.5992047 0.2967259 0.5977551 0.2952257 0.7534407 0.9766263 0.7549419 0.9766312 0.7534407 0.9947796 0.600478 0.2967259 0.600478 0.2952236 0.6019271 0.2967278 0.6688649 0.9590794 0.6703661 0.9590794 0.6688649 0.9776144 0.8507751 0.9941188 0.8492743 0.9941218 0.8507751 0.975628 0.9964885 0.416402 0.9955414 0.4164846 0.9955414 0.3966862 0.6266586 0.2952236 0.6279885 0.2952347 0.6266586 0.2965552 0.5371534 0.9451982 0.5381129 0.9453742 0.5381129 0.9648901 0.6292618 0.2952349 0.6305915 0.2952236 0.6305915 0.2965552 0.2025617 0.9704598 0.2035191 0.9704549 0.2035191 0.9903295 0.9966281 0.5180708 0.9956834 0.5180002 0.9956834 0.4981809 0.9964885 0.3966036 0.9964885 0.416402 0.9955414 0.3966862 0.6279885 0.2952347 0.6279885 0.2965663 0.6266586 0.2965552 0.5371534 0.9647141 0.5371534 0.9451982 0.5381129 0.9648901 0.6292618 0.2965665 0.6292618 0.2952349 0.6305915 0.2965552 0.2025617 0.9903344 0.2025617 0.9704598 0.2035191 0.9903295 0.9966281 0.4982514 0.9966281 0.5180708 0.9956834 0.4981809 0.2053551 0.8691909 0.2053551 0.8890243 0.2043757 0.8889655 0.6408957 0.2952236 0.6408957 0.2965114 0.6396155 0.2953261 0.6256295 0.9750478 0.6256295 0.9949228 0.6246715 0.9949208 0.6383423 0.2953254 0.6383423 0.2966136 0.6370618 0.2965118 0.6237405 0.9949228 0.6237404 0.9750479 0.6246715 0.9750458 0.2062637 0.8691275 0.2062637 0.888961 0.2053551 0.8890243 0.2043758 0.8691322 0.2053551 0.8691909 0.2043757 0.8889655 0.6408957 0.2965114 0.6396155 0.2966138 0.6396155 0.2953261 0.6246715 0.9750458 0.6256295 0.9750478 0.6246715 0.9949208 0.6370618 0.2952236 0.6383423 0.2953254 0.6370618 0.2965118 0.6246715 0.9949208 0.6237405 0.9949228 0.6246715 0.9750458 0.2053551 0.8691909 0.2062637 0.8691275 0.2053551 0.8890243 0.8720793 0.429304 0.871232 0.4335556 0.8705839 0.4329385 0.8642005 0.286489 0.8642051 0.2823655 0.8649691 0.2829447 0.7885799 0.6632289 0.7892611 0.6592451 0.7895675 0.6629699 0.8116195 0.86003 0.8124021 0.8597759 0.8124021 0.8639759 0.8735641 0.4251611 0.8735641 0.4275036 0.8727938 0.4268059 0.8088833 0.6660419 0.807193 0.6647117 0.8081448 0.664312 0.7867023 0.6647605 0.788262 0.6643836 0.7868896 0.6655955 0.7868896 0.6655955 0.7889862 0.6650938 0.7870346 0.6663876 0.8694532 0.5089746 0.8694542 0.5119866 0.8687 0.5116639 0.807193 0.6647117 0.8075594 0.6625463 0.8083424 0.6631341 0.788262 0.6643836 0.7885799 0.6632289 0.7889862 0.6650938 0.870231 0.5094758 0.870231 0.5116603 0.8694532 0.5089746 0.8649691 0.2829447 0.8642051 0.2823655 0.8649674 0.2818573 0.8670049 0.2821682 0.8677845 0.2818573 0.8677845 0.2860464 0.7912069 0.6633558 0.7920169 0.662755 0.7930744 0.6666455 0.7800441 0.6637851 0.7792779 0.6631417 0.7811027 0.6598846 0.8717478 0.1827898 0.8709263 0.1871126 0.8702487 0.1865973 0.7920894 0.6592451 0.7925378 0.6598509 0.7908408 0.6611891 0.7925378 0.6598509 0.7930744 0.6605756 0.7918194 0.6615764 0.7811027 0.6659656 0.780606 0.6666533 0.7798466 0.6649664 0.780606 0.6666533 0.7801167 0.6673012 0.7789115 0.6653133 0.2972154 0.824423 0.2964471 0.8237729 0.2964478 0.8217213 0.7908408 0.6611891 0.7918194 0.6615764 0.7920169 0.662755 0.7798466 0.6649664 0.7789115 0.6653133 0.7800441 0.6637851 0.7789115 0.6653133 0.7781143 0.665598 0.7792779 0.6631417 0.1110756 0.7366071 0.1101931 0.7369138 0.110288 0.7360426 0.8544902 0.7448244 0.8536809 0.744516 0.8544902 0.740635 0.8083424 0.6631341 0.8075594 0.6625463 0.809401 0.6592451 0.8649691 0.2829447 0.8657311 0.2823655 0.8657317 0.286489 0.871232 0.4335556 0.8720793 0.429304 0.8720793 0.4332413 0.8088833 0.6660419 0.8084149 0.6666406 0.807193 0.6647117 0.809401 0.6653092 0.8088833 0.6660419 0.8081448 0.664312 0.788262 0.6643836 0.7889862 0.6650938 0.7868896 0.6655955 0.7889862 0.6650938 0.7895675 0.6656863 0.7870346 0.6663876 0.8686985 0.5094793 0.8694532 0.5089746 0.8687 0.5116639 0.8081448 0.664312 0.807193 0.6647117 0.8083424 0.6631341 0.7885799 0.6632289 0.7895675 0.6629699 0.7889862 0.6650938 0.870231 0.5116603 0.8694542 0.5119866 0.8694532 0.5089746 0.8657311 0.2823655 0.8649691 0.2829447 0.8649674 0.2818573 0.8709263 0.1871126 0.8717478 0.1827898 0.8717478 0.1868823 0.812375 0.8652499 0.812375 0.8694437 0.8116195 0.8657169 0.8683105 0.1806554 0.8683105 0.1848492 0.8675397 0.1843809 0.7792779 0.6631417 0.778626 0.662606 0.780844 0.6592451 0.8521496 0.6671714 0.853066 0.6647662 0.853066 0.6669288 0.7908408 0.6611891 0.7925378 0.6598509 0.7918194 0.6615764 0.780606 0.6666533 0.7789115 0.6653133 0.7798466 0.6649664 0.853066 0.6647662 0.8521496 0.6671714 0.8516345 0.666381 0.2972154 0.8215927 0.2972154 0.824423 0.2964478 0.8217213 0.7912069 0.6633558 0.7908408 0.6611891 0.7920169 0.662755 0.7789115 0.6653133 0.7792779 0.6631417 0.7800441 0.6637851 0.7781143 0.665598 0.778626 0.662606 0.7792779 0.6631417 0.1110756 0.7356683 0.1110756 0.7366071 0.110288 0.7360426 0.459649 0.9948652 0.459649 0.9764821 0.4611503 0.9764798 0.5883194 0.2967187 0.5868297 0.296737 0.5868297 0.2952419 0.9927995 0.9392889 0.9927995 0.9209157 0.9942945 0.9208974 0.5895927 0.2967453 0.5895927 0.2952532 0.5910725 0.2952236 0.7493948 0.9766263 0.7493948 0.9949209 0.7478955 0.9949337 0.7521675 0.9766388 0.7521675 0.9949309 0.7506681 0.9949184 0.4611503 0.994863 0.459649 0.9948652 0.4611503 0.9764798 0.5883194 0.2952236 0.5883194 0.2967187 0.5868297 0.2952419 0.9942945 0.9392706 0.9927995 0.9392889 0.9942945 0.9208974 0.5910725 0.2967157 0.5895927 0.2967453 0.5910725 0.2952236 0.7478955 0.976639 0.7493948 0.9766263 0.7478955 0.9949337 0.7506682 0.9766263 0.7521675 0.9766388 0.7506681 0.9949184 0.8608614 0.1848084 0.8621342 0.1850348 0.8612875 0.1867623 0.9441863 0.7289752 0.9373968 0.7289752 0.9403513 0.7176346 0.8621342 0.1850348 0.8621342 0.1869128 0.8612875 0.1867623 0.9414682 0.7176346 0.9441863 0.7289752 0.9403513 0.7176346 0.5232374 0.2941209 0.5232374 0.28889 0.5289417 0.2894007 0.5289417 0.2963241 0.5232374 0.2941209 0.5289417 0.2894007 0.658872 0.8889101 0.6690631 0.8888812 0.663108 0.8959876 0.658872 0.8889101 0.658872 0.867837 0.6690631 0.8888812 0.6690631 0.8678081 0.658872 0.867837 0.6673285 0.8633347 0.6690631 0.8888812 0.6647845 0.8959828 0.663108 0.8959876 0.658872 0.867837 0.6690631 0.8678081 0.6690631 0.8888812 0.658872 0.867837 0.6605949 0.8633537 0.6673285 0.8633347 0.3236854 0.951453 0.3236854 0.9406578 0.3293537 0.9539126 0.9509213 0.4700626 0.9509184 0.4799927 0.9452276 0.4677317 0.5162894 0.2941266 0.5162893 0.28889 0.5219641 0.2894472 0.3236854 0.9406578 0.3123884 0.9374021 0.3147318 0.9296771 0.828975 0.4999054 0.828975 0.5113217 0.8211964 0.5008554 0.9621829 0.4650923 0.9621783 0.4807664 0.9509213 0.4700626 0.3123884 0.9544419 0.3123884 0.9374021 0.3236854 0.9406578 0.9509184 0.4799927 0.9621783 0.4807664 0.9571021 0.4863263 0.9466145 0.8876387 0.9466145 0.8989343 0.9409526 0.8925543 0.3236854 0.9406578 0.3293537 0.9396244 0.3293537 0.9539126 0.9509184 0.4799927 0.9452238 0.4808747 0.9452276 0.4677317 0.5219641 0.296378 0.5162894 0.2941266 0.5219641 0.2894472 0.3123884 0.9374021 0.3128733 0.9291415 0.3147318 0.9296771 0.8211964 0.4989773 0.828975 0.4999054 0.8211964 0.5008554 0.9621783 0.4807664 0.9509184 0.4799927 0.9509213 0.4700626 0.3236854 0.951453 0.3123884 0.9544419 0.3236854 0.9406578 0.9621783 0.4807664 0.9621829 0.485261 0.9571021 0.4863263 0.9424315 0.8874968 0.9466145 0.8876387 0.9409526 0.8925543 0.9424315 0.8874968 0.9390377 0.8925042 0.9372357 0.8873609 0.508385 0.2936044 0.508385 0.2911178 0.515016 0.28889 0.9424315 0.8874968 0.9409526 0.8925543 0.9390377 0.8925042 0.515016 0.28889 0.515016 0.2956838 0.515016 0.28889 0.515016 0.28889 0.515016 0.2956838 0.508385 0.2936044 0.508385 0.2911178 0.515016 0.28889 0.515016 0.28889 0.6965698 0.9076034 0.6965698 0.9179059 0.6841757 0.9127501 0.6717815 0.9178967 0.6717815 0.9075942 0.6841757 0.9127501 0.6893094 0.9003157 0.6965698 0.9076034 0.6841757 0.9127501 0.6790418 0.9251844 0.6717815 0.9178967 0.6841757 0.9127501 0.6790418 0.9003118 0.6893094 0.9003157 0.6841757 0.9127501 0.6965698 0.9179059 0.6893095 0.9251883 0.6841757 0.9127501 0.6893095 0.9251883 0.6790418 0.9251844 0.6841757 0.9127501 0.6717815 0.9075942 0.6790418 0.9003118 0.6841757 0.9127501 0.9626954 0.9037583 0.9626954 0.9254805 0.9524016 0.925481 0.9539062 0.8139153 0.9539062 0.7921934 0.9616407 0.7921554 0.9524016 0.9037588 0.9524016 0.925481 0.9449638 0.9254629 0.9436314 0.8369145 0.9436314 0.8151925 0.9539071 0.8151894 0.9539071 0.8369113 0.9539071 0.8151894 0.9616328 0.8152228 0.9436314 0.7908613 0.9436314 0.7691417 0.9538481 0.7691617 0.9538481 0.7908813 0.9538481 0.7691617 0.9619761 0.7690629 0.9436314 0.8139116 0.9436314 0.7921897 0.9539062 0.7921934 0.9524016 0.9037588 0.9626954 0.9037583 0.9524016 0.925481 0.9616407 0.8138773 0.9539062 0.8139153 0.9616407 0.7921554 0.9449638 0.9037407 0.9524016 0.9037588 0.9449638 0.9254629 0.9539071 0.8369113 0.9436314 0.8369145 0.9539071 0.8151894 0.9616328 0.8369448 0.9539071 0.8369113 0.9616328 0.8152228 0.9538481 0.7908813 0.9436314 0.7908613 0.9538481 0.7691617 0.9619761 0.7907826 0.9538481 0.7908813 0.9619761 0.7690629 0.9539062 0.8139153 0.9436314 0.8139116 0.9539062 0.7921934 0.4543172 0.9235617 0.4474413 0.9304572 0.4528511 0.9229516 0.4474413 0.9304572 0.4377173 0.930452 0.4383246 0.9289812 0.4377173 0.930452 0.4308415 0.9235492 0.4323075 0.9229406 0.4308415 0.9235492 0.4308414 0.9137924 0.4323075 0.9144025 0.4308414 0.9137924 0.4377173 0.9068968 0.4383245 0.9083683 0.4474412 0.906902 0.4543172 0.9138049 0.4528511 0.9144133 0.4377173 0.9068968 0.4474412 0.906902 0.446834 0.9083728 0.4543172 0.9138049 0.4543172 0.9235617 0.4528511 0.9229516 0.4474413 0.9304572 0.446834 0.9289858 0.4528511 0.9229516 0.446834 0.9289858 0.4474413 0.9304572 0.4383246 0.9289812 0.4383246 0.9289812 0.4377173 0.930452 0.4323075 0.9229406 0.4323075 0.9229406 0.4308415 0.9235492 0.4323075 0.9144025 0.4323075 0.9144025 0.4308414 0.9137924 0.4383245 0.9083683 0.446834 0.9083728 0.4474412 0.906902 0.4528511 0.9144133 0.4383245 0.9083683 0.4377173 0.9068968 0.446834 0.9083728 0.4528511 0.9144133 0.4543172 0.9138049 0.4528511 0.9229516 0.7063237 0.2816492 0.7121645 0.2792136 0.7121645 0.2874981 0.7335292 0.287482 0.7276771 0.2850738 0.7335292 0.2792136 0.7205517 0.281649 0.7264038 0.2792136 0.7264038 0.287482 0.7453173 0.2876521 0.739463 0.2852221 0.7453173 0.2793868 0.5071117 0.2965329 0.5007807 0.2965329 0.5039252 0.28889 0.7192785 0.2874981 0.7134377 0.2850808 0.7192785 0.2792136 0.4995074 0.296533 0.4931764 0.296533 0.4963209 0.28889 0.4919031 0.2965455 0.4855824 0.2965455 0.4887387 0.28889 0 0 0 0 0 0 0 0 0 0 0 0 0 0 0 0 0 0 0 0 0 0 0 0 0 0 0 0 0 0 0 0 0 0 0 0 0 0 0 0 0 0 0 0 0 0 0 0 0.6139275 0.9576382 0.6185621 0.9576237 0.6175235 0.9737523 0.1504914 0.973697 0.1458625 0.9736842 0.1468411 0.9575234 0.6185621 0.9576237 0.6248965 0.9576382 0.6260514 0.9737718 0.1458625 0.9736842 0.1395277 0.973697 0.1383126 0.9575406 0.9140784 0.9568442 0.918964 0.9568045 0.9180448 0.9729014 0.1652866 0.9742968 0.1589486 0.9743035 0.1578547 0.958152 0.1697326 0.9743035 0.1652866 0.9742968 0.1663876 0.958143 0.918964 0.9568045 0.9252737 0.9568442 0.9265395 0.9729548 0.6112841 0.9737718 0.6139275 0.9576382 0.6175235 0.9737523 0.1530728 0.9575406 0.1504914 0.973697 0.1468411 0.9575234 0.6175235 0.9737523 0.6185621 0.9576237 0.6260514 0.9737718 0.1468411 0.9575234 0.1458625 0.9736842 0.1383126 0.9575406 0.9114673 0.9729548 0.9140784 0.9568442 0.9180448 0.9729014 0.1663876 0.958143 0.1652866 0.9742968 0.1578547 0.958152 0.1723732 0.958152 0.1697326 0.9743035 0.1663876 0.958143 0.9180448 0.9729014 0.918964 0.9568045 0.9265395 0.9729548 0.2795199 0.945362 0.2825394 0.9645907 0.275418 0.9645711 0.5424408 0.9645302 0.5394987 0.9452756 0.5466286 0.9452533 0.2742303 0.9453474 0.275418 0.9645711 0.2656725 0.9645907 0.5477368 0.9645137 0.5466286 0.9452533 0.5563737 0.9452756 0.9651339 6.44698e-4 0.9681921 0.01987934 0.9613521 0.01986891 0.6007142 0.9618582 0.5998443 0.9425661 0.6095514 0.9426271 0.5951312 0.9619035 0.5923281 0.9426271 0.5998443 0.9425661 0.9600533 6.37029e-4 0.9613521 0.01986891 0.9516015 0.01987934 0.2742303 0.9453474 0.2795199 0.945362 0.275418 0.9645711 0.5477368 0.9645137 0.5424408 0.9645302 0.5466286 0.9452533 0.2669914 0.945362 0.2742303 0.9453474 0.2656725 0.9645907 0.5549753 0.9645302 0.5477368 0.9645137 0.5563737 0.9452756 0.9600533 6.37029e-4 0.9651339 6.44698e-4 0.9613521 0.01986891 0.6079244 0.9619035 0.6007142 0.9618582 0.6095514 0.9426271 0.6007142 0.9618582 0.5951312 0.9619035 0.5998443 0.9425661 0.9528107 6.44695e-4 0.9600533 6.37029e-4 0.9516015 0.01987934 0.1353666 0.9959685 0.1353667 0.9783952 0.1368414 0.9783056 0.5964818 0.2952236 0.5964818 0.2966798 0.5950664 0.2968029 0.5371534 0.9438872 0.5371534 0.9261194 0.5386492 0.9261564 0.5923459 0.2953258 0.5937931 0.2952236 0.5923458 0.2967782 0.06419181 0.9771031 0.06419181 0.9952349 0.06272464 0.995301 0.9928656 0.01877278 0.9928656 6.37029e-4 0.9943324 7.03124e-4 0.1368414 0.9958789 0.1353666 0.9959685 0.1368414 0.9783056 0.5950664 0.2953468 0.5964818 0.2952236 0.5950664 0.2968029 0.5386492 0.9439241 0.5371534 0.9438872 0.5386492 0.9261564 0.5937931 0.2952236 0.5937931 0.296676 0.5923458 0.2967782 0.06272459 0.9771692 0.06419181 0.9771031 0.06272464 0.995301 0.9943324 0.01883888 0.9928656 0.01877278 0.9943324 7.03124e-4 0.7223536 0.9772067 0.7223536 0.9950723 0.7209179 0.9951894 0.6112521 0.2967938 0.6112521 0.2953016 0.6125946 0.2967158 0.06546509 0.9951789 0.06546509 0.9771031 0.06693601 0.9771698 0.6032004 0.2967122 0.6032004 0.2952236 0.6045859 0.2953017 0.9036334 0.9790435 0.9036334 0.9965639 0.9022209 0.99673 0.6688649 0.9964148 0.6688649 0.9788884 0.6702768 0.9790546 0.7209179 0.9773239 0.7223536 0.9772067 0.7209179 0.9951894 0.6112521 0.2953016 0.6125946 0.2952236 0.6125946 0.2967158 0.06693601 0.9952455 0.06546509 0.9951789 0.06693601 0.9771698 0.6045859 0.2967903 0.6032004 0.2967122 0.6045859 0.2953017 0.9022209 0.9792097 0.9036334 0.9790435 0.9022209 0.99673 0.6702768 0.996581 0.6688649 0.9964148 0.6702768 0.9790546 0.7196447 0.9772067 0.7196447 0.9956273 0.7182328 0.9956839 0.617744 0.2952979 0.617744 0.2967936 0.6164683 0.2967193 0.1947231 0.9843734 0.1947231 0.9658635 0.1961733 0.9658836 0.6138679 0.2967751 0.6138679 0.2952771 0.615195 0.2952236 0.9089922 0.9790435 0.9089922 0.9954307 0.9075857 0.9956763 0.9049066 0.9954376 0.9049066 0.9790435 0.9063124 0.9792897 0.7182328 0.9772634 0.7196447 0.9772067 0.7182328 0.9956839 0.6164683 0.2952236 0.617744 0.2952979 0.6164683 0.2967193 0.1961733 0.9843936 0.1947231 0.9843734 0.1961733 0.9658836 0.615195 0.2967216 0.6138679 0.2967751 0.615195 0.2952236 0.9075857 0.9792892 0.9089922 0.9790435 0.9075857 0.9956763 0.9063124 0.9956838 0.9049066 0.9954376 0.9063124 0.9792897 0.5737214 0.9634175 0.5584147 0.9633975 0.5584147 0.9452534 0.04222929 0.9226264 0.02692246 0.9226177 0.02692246 0.9045293 0.327695 0.9738539 0.3123884 0.9738768 0.3123884 0.9557389 0.57575 0.9255716 0.5910548 0.9254919 0.5910548 0.9430732 0.2656725 0.9031871 0.2656725 0.8847076 0.284436 0.8847212 0.858202 0.1650045 0.858202 0.1835344 0.8394392 0.1835328 0.04222929 0.9407147 0.02692246 0.940706 0.02692246 0.9226177 0.57575 0.9079902 0.5910548 0.9079106 0.5910548 0.9254919 0.2656725 0.9216666 0.2656725 0.9031871 0.284436 0.9032006 0.858202 0.1464745 0.858202 0.1650045 0.8394392 0.1650029 0.5737214 0.9452735 0.5737214 0.9634175 0.5584147 0.9452534 0.04222923 0.904538 0.04222929 0.9226264 0.02692246 0.9045293 0.327695 0.955716 0.327695 0.9738539 0.3123884 0.9557389 0.57575 0.9431528 0.57575 0.9255716 0.5910548 0.9430732 0.284436 0.9032006 0.2656725 0.9031871 0.284436 0.8847212 0.8394392 0.1650029 0.858202 0.1650045 0.8394392 0.1835328 0.04222929 0.9226264 0.04222929 0.9407147 0.02692246 0.9226177 0.57575 0.9255716 0.57575 0.9079902 0.5910548 0.9254919 0.284436 0.92168 0.2656725 0.9216666 0.284436 0.9032006 0.8394392 0.1464729 0.858202 0.1464745 0.8394392 0.1650029 0 0 0 0 0 0 0 0 0 0 0 0 0 0 0 0 0 0 0 0 0 0 0 0 0 0 0 0 0 0 0 0 0 0 0 0 0 0 0 0 0 0 0 0 0 0 0 0 0 0 0 0 0 0 0 0 0 0 0 0 0 0 0 0 0 0 0 0 0 0 0 0 0 0 0 0 0 0 0 0 0 0 0 0 0 0 0 0 0 0 0 0 0 0 0 0 0 0 0 0 0 0 0 0 0 0 0 0 0 0 0 0 0 0 0 0 0 0 0 0 0 0 0 0 0 0 0 0 0 0 0 0 0 0 0 0 0 0 0 0 0 0 0 0 0 0 0 0 0 0 0 0 0 0 0 0 0 0 0 0 0 0 0 0 0 0 0 0 0 0 0 0 0 0 0 0 0 0 0 0 0 0 0 0 0 0 0 0 0 0 0 0 0 0 0 0 0 0 0 0 0 0 0 0 0 0 0 0 0 0 0 0 0 0 0 0 0 0 0 0 0 0 0 0 0 0 0 0 0 0 0 0 0 0 0 0 0 0 0 0 0 0 0 0 0 0 0 0 0 0 0 0 0 0 0 0 0 0 0 0 0 0 0 0 0 0 0 0 0 0 0 0 0 0 0 0 0 0 0 0 0 0 0 0 0 0 0 0 0 0 0 0 0 0 0 0 0 0 0 0 0 0 0 0 0 0 0 0 0 0 0 0 0 0 0 0 0 0 0 0 0 0 0 0 0 0 0 0 0 0 0 0 0 0 0 0 0 0 0 0 0 0 0 0 0 0 0 0 0 0 0 0 0 0 0 0 0 0 0 0 0 0 0 0 0 0 0 0 0 0 0 0 0 0 0 0 0 0 0 0 0 0 0 0 0 0 0 0 0 0 0 0 0 0 0 0 0 0 0 0 0 0 0 0 0 0 0 0 0 0 0 0 0 0 0 0 0 0 0 0 0 0 0 0 0 0 0 0 0 0 0 0 0 0 0 0 0 0 0 0 0 0 0 0 0 0 0 0 0 0 0 0 0 0 0 0 0 0 0 0 0 0 0 0 0 0 0 0 0 0 0 0 0 0 0 0 0 0 0 0 0 0 0 0 0 0 0 0 0 0 0 0 0 0 0 0 0 0 0 0 0 0 0 0 0 0 0 0 0 0 0 0 0 0 0 0 0 0 0 0 0 0 0 0 0 0 0 0 0 0 0 0 0 0 0 0 0 0 0 0 0 0 0 0 0 0 0 0 0 0 0 0 0 0 0 0 0 0 0 0 0 0 0 0 0 0 0 0 0 0 0 0 0 0 0 0 0 0 0 0 0 0 0 0 0 0 0 0 0 0 0 0 0 0 0 0 0 0 0 0 0 0 0 0 0 0 0 0 0 0 0 0 0 0 0 0 0 0 0 0 0 0 0 0 0 0 0 0 0 0 0 0 0 0 0 0 0 0 0 0 0 0 0 0 0 0 0 0 0 0 0 0 0 0 0 0 0 0 0 0 0 0 0 0 0 0 0 0 0 0 0 0 0 0 0 0 0 0 0 0 0 0 0 0 0 0 0 0 0 0 0 0 0 0 0 0 0 0 0 0 0 0 0 0 0 0 0 0 0 0 0 0 0 0 0 0 0 0 0 0 0 0 0 0 0 0 0 0 0 0 0 0 0 0 0 0 0 0 0 0 0 0 0 0 0 0 0 0 0 0 0 0 0 0 0 0 0 0 0 0 0 0 0 0 0 0 0 0 0 0 0 0 0 0 0 0 0 0 0 0 0 0 0 0 0 0 0 0 0 0 0 0 0 0 0 0 0 0 0 0 0 0 0 0 0 0 0 0 0 0 0 0 0 0 0 0 0 0 0 0 0 0 0 0 0 0 0 0 0 0 0 0 0 0 0 0 0 0 0 0 0 0 0 0 0 0 0 0 0 0 0 0 0 0 0 0 0 0 0 0 0 0 0 0 0 0 0 0 0 0 0 0 0 0 0 0 0 0 0 0 0 0 0 0 0 0 0 0 0 0 0 0 0 0 0 0 0 0 0 0 0 0 0 0 0 0 0 0 0 0 0 0 0 0 0 0 0 0 0 0 0 0 0 0 0 0 0 0 0 0 0 0 0 0 0 0 0 0 0 0 0 0 0 0 0 0 0 0 0 0 0 0 0 0 0 0 0 0 0 0 0 0 0 0 0 0 0 0 0 0 0 0 0 0 0 0 0 0 0 0 0 0 0 0 0 0 0 0 0 0 0 0 0 0 0 0 0 0 0 0 0 0 0 0 0 0 0 0 0 0 0 0 0 0 0 0 0 0 0 0 0 0 0 0 0 0 0 0 0 0 0 0 0 0 0 0 0 0 0 0 0 0 0 0 0 0 0 0 0 0 0 0 0 0 0 0 0 0 0 0 0 0 0 0 0 0 0 0 0 0 0 0 0 0 0 0 0 0 0 0 0 0 0 0 0 0 0 0 0 0 0 0 0 0 0 0 0 0 0 0 0 0 0 0 0 0 0 0 0 0 0 0 0 0 0 0 0 0 0 0 0 0 0 0 0 0 0 0 0 0 0 0 0 0 0 0 0 0 0 0 0 0 0 0 0 0 0 0 0 0 0 0 0 0 0 0 0 0 0 0 0 0 0 0 0 0 0 0 0 0 0 0 0 0 0 0 0 0 0 0 0 0 0 0 0 0 0 0 0 0 0 0 0 0 0 0 0 0 0 0 0 0 0 0 0 0 0 0 0 0 0 0 0 0 0 0 0 0 0 0 0 0 0 0 0 0 0 0 0 0 0 0 0 0 0 0 0 0 0 0 0 0 0 0 0 0 0 0 0 0 0 0 0 0 0 0 0 0 0 0 0 0 0 0 0 0 0 0 0 0 0 0 0 0 0 0 0 0 0 0 0 0 0 0 0 0 0 0 0 0 0 0 0 0 0 0 0 0 0 0 0 0 0 0 0 0 0 0 0 0 0 0 0 0 0 0 0 0 0 0 0 0 0 0 0 0 0 0 0 0 0 0 0 0 0 0 0 0 0 0 0 0 0 0 0 0 0 0 0 0 0 0 0 0 0 0 0 0 0 0 0 0 0 0 0 0 0 0 0 0 0 0 0 0 0 0 0 0 0 0 0 0 0 0 0 0 0 0 0 0 0 0 0 0 0 0 0 0 0 0 0 0 0 0 0 0 0 0 0 0 0 0 0 0 0 0 0 0 0 0 0 0 0 0 0 0 0 0 0 0 0 0 0 0 0 0 0 0 0 0 0 0 0 0 0 0 0 0 0 0 0 0 0 0 0 0 0 0 0 0 0 0 0 0 0 0 0 0 0 0 0 0 0 0 0 0 0 0 0 0 0 0 0 0 0 0 0 0 0 0 0 0 0 0 0 0 0 0 0 0 0 0 0 0 0 0 0 0 0 0 0 0 0 0 0 0 0 0 0 0 0 0 0 0 0 0 0 0 0 0 0 0 0 0 0 0 0 0 0 0 0 0 0 0 0 0 0 0 0 0 0 0 0 0 0 0 0 0 0 0 0 0 0 0 0 0 0 0 0 0 0 0 0 0 0 0 0 0 0 0 0 0 0 0 0 0 0 0 0 0 0 0 0 0 0 0 0 0 0 0 0 0 0 0 0 0 0 0 0 0 0 0 0 0 0 0 0 0 0 0 0 0 0 0 0 0 0 0 0 0 0 0 0 0 0 0 0 0 0 0 0 0 0 0 0 0 0 0 0 0 0 0 0 0 0 0 0 0 0 0 0 0 0 0 0 0 0 0 0 0 0 0 0 0 0 0 0 0 0 0 0 0 0 0 0 0 0 0 0 0 0 0 0 0 0 0 0 0 0 0 0 0 0 0 0 0 0 0 0 0 0 0 0 0 0 0 0 0 0 0 0 0 0 0 0 0 0 0 0 0 0 0 0 0 0 0 0 0 0 0 0 0 0 0 0 0 0 0 0 0 0 0 0 0 0 0 0 0 0 0 0 0 0 0 0 0 0 0 0 0 0 0 0 0 0 0 0 0 0 0 0 0 0 0 0 0 0 0 0 0 0 0 0 0 0 0 0 0 0 0 0 0 0 0 0 0 0 0 0 0 0 0 0 0 0 0 0 0 0 0 0 0 0 0 0 0 0 0 0 0 0 0 0 0 0 0 0 0 0 0 0 0 0 0 0 0 0 0 0 0 0 0 0 0 0 0 0 0 0 0 0 0 0 0 0 0 0 0 0 0 0 0 0 0 0 0 0 0 0 0 0 0 0 0 0 0 0 0 0 0 0 0 0 0 0 0 0 0 0 0 0 0 0 0 0 0 0 0 0 0 0 0 0 0 0 0 0 0 0 0 0 0 0 0 0 0 0 0 0 0 0 0 0 0 0 0 0 0 0 0 0 0 0 0 0 0 0 0 0 0 0 0 0 0 0 0 0 0 0 0 0 0 0 0 0 0 0 0 0 0 0 0 0 0 0 0 0 0 0 0 0 0 0 0 0 0 0 0 0 0 0 0 0 0 0 0 0 0 0 0 0 0 0 0 0 0 0 0 0 0 0 0 0 0 0 0 0 0 0 0 0 0 0 0 0 0 0 0 0 0 0 0 0 0 0 0 0 0 0 0 0 0 0 0 0 0 0 0 0 0 0 0 0 0 0 0 0 0 0 0 0 0 0 0 0 0 0 0 0 0 0 0 0 0 0 0 0 0 0 0 0 0 0 0 0 0 0 0 0 0 0 0 0 0 0 0 0 0 0 0 0 0 0 0 0 0 0 0 0 0 0 0 0 0 0 0 0 0 0 0 0 0 0 0 0 0 0 0 0 0 0 0 0 0 0 0 0 0 0 0 0 0 0 0 0 0 0 0 0 0 0 0 0 0 0 0 0 0 0 0 0 0 0 0 0 0 0 0 0 0 0 0 0 0 0 0 0 0 0 0 0 0 0 0 0 0 0 0 0 0 0 0 0 0 0 0 0 0 0 0 0 0 0 0 0 0 0 0 0 0 0 0 0 0 0 0 0 0 0 0 0 0 0 0 0 0 0 0 0 0 0 0 0 0 0 0 0 0 0 0 0 0 0 0 0 0 0 0 0 0 0 0 0 0 0 0 0 0 0 0 0 0 0 0 0 0 0 0 0 0 0 0 0 0 0 0 0 0 0 0 0 0 0 0 0 0 0 0 0 0 0 0 0 0 0 0 0 0 0 0 0 0 0 0 0 0 0 0 0 0 0 0 0 0 0 0 0 0 0 0 0 0 0 0 0 0 0 0 0 0 0 0 0 0 0 0 0 0 0 0 0 0 0 0 0 0 0 0 0 0 0 0 0 0 0 0 0 0 0 0 0 0 0 0 0 0 0 0 0 0 0 0 0 0 0 0 0 0 0 0 0 0 0 0 0 0 0 0 0 0 0 0 0 0 0 0 0 0 0 0 0 0 0 0 0 0 0 0 0 0 0 0 0 0 0 0 0 0 0 0 0 0 0 0 0 0 0 0 0 0 0 0 0 0 0 0 0 0 0 0 0 0 0 0 0 0 0 0 0 0 0 0 0 0 0 0 0 0 0 0 0 0 0 0 0 0 0 0 0 0 0 0 0 0 0 0 0 0 0 0 0 0 0 0 0 0 0 0 0 0 0 0 0 0 0 0 0 0 0 0 0 0 0 0 0 0 0 0 0 0 0 0 0 0 0 0 0 0 0 0 0 0 0 0 0 0 0 0 0 0 0 0 0 0 0 0 0 0 0 0 0 0 0 0 0 0 0 0 0 0 0 0 0 0 0 0 0 0 0 0 0 0 0 0 0 0 0 0 0 0 0 0 0 0 0 0 0 0 0 0 0 0 0 0 0 0 0 0 0 0 0 0 0 0 0 0 0 0 0 0 0 0 0 0 0 0 0 0 0 0 0 0 0 0 0 0 0 0 0 0 0 0 0 0 0 0 0 0 0 0 0 0 0 0 0 0 0 0 0 0 0 0 0 0 0 0 0 0 0 0 0 0 0 0 0 0 0 0 0 0 0 0 0 0 0 0 0 0 0 0 0 0 0 0 0 0 0 0 0 0 0 0 0 0 0 0 0 0 0 0 0 0 0 0 0 0 0 0 0 0</float_array>
          <technique_common>
            <accessor source="#umay_blacksmith_props_02-mesh-map-2-array" count="3192" stride="2">
              <param name="S" type="float"/>
              <param name="T" type="float"/>
            </accessor>
          </technique_common>
        </source>
        <vertices id="umay_blacksmith_props_02-mesh-vertices">
          <input semantic="POSITION" source="#umay_blacksmith_props_02-mesh-positions"/>
        </vertices>
        <triangles count="1064">
          <input semantic="VERTEX" source="#umay_blacksmith_props_02-mesh-vertices" offset="0"/>
          <input semantic="NORMAL" source="#umay_blacksmith_props_02-mesh-normals" offset="1"/>
          <input semantic="TEXCOORD" source="#umay_blacksmith_props_02-mesh-map-0" offset="2" set="0"/>
          <input semantic="TEXCOORD" source="#umay_blacksmith_props_02-mesh-map-1" offset="2" set="1"/>
          <input semantic="TEXCOORD" source="#umay_blacksmith_props_02-mesh-map-2" offset="2" set="2"/>
          <p>1 0 0 2 1 1 0 2 2 2 1 3 5 3 4 4 4 5 5 3 6 6 5 7 4 4 8 6 5 9 9 6 10 8 7 11 9 6 12 10 8 13 8 7 14 11 9 15 12 10 16 10 8 17 5 3 18 19 11 19 7 12 20 12 10 21 15 13 22 14 14 23 14 14 24 1 0 25 0 2 26 22 15 27 31 16 28 23 17 29 13 18 30 21 19 31 22 15 32 9 6 33 19 11 34 20 20 35 13 18 36 23 17 37 15 13 38 5 3 39 16 21 40 18 22 41 11 9 42 20 20 43 21 19 44 15 13 45 17 23 46 1 0 47 1 0 48 16 21 49 3 24 50 24 25 51 34 26 52 26 27 53 21 19 54 28 28 55 29 29 56 19 11 57 26 27 58 27 30 59 16 21 60 25 31 61 24 25 62 23 17 63 25 31 64 17 23 65 22 15 66 29 29 67 30 32 68 19 11 69 28 28 70 20 20 71 16 21 72 26 27 73 18 22 74 30 32 75 39 33 76 31 16 77 28 28 78 37 34 79 29 29 80 27 30 81 34 26 82 35 35 83 24 25 84 33 36 85 32 37 86 25 31 87 39 33 88 33 36 89 30 32 90 37 34 91 38 38 92 27 30 93 36 39 94 28 28 95 38 38 96 45 40 97 46 41 98 37 34 99 44 42 100 45 40 101 36 39 102 43 43 103 44 42 104 35 35 105 42 44 106 43 43 107 38 38 108 47 45 109 39 33 110 39 33 111 41 46 112 33 36 113 33 36 114 40 47 115 32 37 116 32 37 117 42 44 118 34 26 119 49 48 120 63 49 121 57 50 122 53 51 123 62 52 124 54 53 125 51 54 126 60 55 127 52 56 128 50 57 129 56 58 130 58 59 131 55 60 132 62 52 133 63 49 134 52 56 135 61 61 136 53 51 137 50 57 138 59 62 139 51 54 140 48 63 141 57 50 142 56 58 143 65 64 144 66 64 145 64 64 146 67 65 147 70 65 148 66 65 149 71 66 150 68 66 151 70 66 152 69 67 153 64 67 154 68 67 155 73 64 156 74 64 157 72 64 158 75 65 159 78 65 160 74 65 161 79 66 162 76 66 163 78 66 164 77 67 165 72 67 166 76 67 167 78 68 168 72 68 169 74 68 170 75 69 171 77 69 172 79 69 173 81 64 174 82 64 175 80 64 176 83 65 177 86 65 178 82 65 179 87 66 180 84 66 181 86 66 182 85 67 183 80 67 184 84 67 185 89 64 186 90 64 187 88 64 188 91 65 189 94 65 190 90 65 191 95 66 192 92 66 193 94 66 194 93 67 195 88 67 196 92 67 197 97 64 198 98 64 199 96 64 200 99 65 201 102 65 202 98 65 203 103 66 204 100 66 205 102 66 206 101 67 207 96 67 208 100 67 209 105 64 210 106 64 211 104 64 212 107 65 213 110 65 214 106 65 215 111 66 216 108 66 217 110 66 218 109 67 219 104 67 220 108 67 221 113 64 222 114 64 223 112 64 224 115 65 225 118 65 226 114 65 227 119 66 228 116 66 229 118 66 230 117 67 231 112 67 232 116 67 233 118 68 234 112 68 235 114 68 236 115 69 237 117 69 238 119 69 239 121 64 240 122 64 241 120 64 242 123 65 243 126 65 244 122 65 245 127 66 246 124 66 247 126 66 248 125 67 249 120 67 250 124 67 251 129 64 252 130 64 253 128 64 254 131 65 255 134 65 256 130 65 257 135 66 258 132 66 259 134 66 260 133 67 261 128 67 262 132 67 263 137 64 264 138 64 265 136 64 266 139 65 267 142 65 268 138 65 269 143 66 270 140 66 271 142 66 272 141 67 273 136 67 274 140 67 275 145 64 276 146 64 277 144 64 278 147 65 279 150 65 280 146 65 281 151 66 282 148 66 283 150 66 284 149 67 285 144 67 286 148 67 287 153 64 288 154 64 289 152 64 290 155 65 291 158 65 292 154 65 293 159 66 294 156 66 295 158 66 296 157 67 297 152 67 298 156 67 299 158 68 300 152 68 301 154 68 302 155 69 303 157 69 304 159 69 305 161 64 306 162 64 307 160 64 308 163 65 309 166 65 310 162 65 311 167 66 312 164 66 313 166 66 314 165 67 315 160 67 316 164 67 317 169 64 318 170 64 319 168 64 320 171 65 321 174 65 322 170 65 323 175 66 324 172 66 325 174 66 326 173 67 327 168 67 328 172 67 329 177 64 330 178 64 331 176 64 332 179 65 333 182 65 334 178 65 335 183 66 336 180 66 337 182 66 338 181 67 339 176 67 340 180 67 341 185 64 342 186 64 343 184 64 344 187 65 345 190 65 346 186 65 347 191 66 348 188 66 349 190 66 350 189 67 351 184 67 352 188 67 353 193 64 354 194 64 355 192 64 356 195 65 357 198 65 358 194 65 359 199 66 360 196 66 361 198 66 362 197 67 363 192 67 364 196 67 365 198 68 366 192 68 367 194 68 368 195 69 369 197 69 370 199 69 371 201 64 372 202 64 373 200 64 374 203 65 375 206 65 376 202 65 377 207 66 378 204 66 379 206 66 380 205 67 381 200 67 382 204 67 383 209 64 384 210 64 385 208 64 386 211 65 387 214 65 388 210 65 389 215 66 390 212 66 391 214 66 392 213 67 393 208 67 394 212 67 395 217 64 396 218 64 397 216 64 398 219 65 399 222 65 400 218 65 401 223 66 402 220 66 403 222 66 404 221 67 405 216 67 406 220 67 407 228 70 408 224 70 409 225 70 410 229 71 411 225 71 412 226 71 413 230 72 414 226 72 415 227 72 416 231 73 417 227 73 418 224 73 419 224 74 420 227 74 421 226 74 422 231 69 423 228 69 424 229 69 425 229 75 426 228 75 427 225 75 428 230 76 429 229 76 430 226 76 431 231 77 432 230 77 433 227 77 434 228 78 435 231 78 436 224 78 437 225 79 438 224 79 439 226 79 440 230 69 441 231 69 442 229 69 443 236 80 444 233 80 445 237 80 446 237 81 447 234 81 448 238 81 449 238 82 450 235 82 451 239 82 452 239 83 453 232 83 454 236 83 455 232 84 456 233 84 457 236 84 458 233 85 459 234 85 460 237 85 461 234 86 462 235 86 463 238 86 464 235 83 465 232 83 466 239 83 467 244 87 468 241 87 469 245 87 470 245 88 471 242 88 472 246 88 473 246 89 474 243 89 475 247 89 476 247 90 477 240 90 478 244 90 479 240 91 480 241 91 481 244 91 482 241 92 483 242 92 484 245 92 485 242 93 486 243 93 487 246 93 488 243 94 489 240 94 490 247 94 491 252 95 492 248 95 493 249 95 494 253 96 495 249 96 496 250 96 497 254 97 498 250 97 499 251 97 500 255 98 501 251 98 502 248 98 503 253 99 504 252 99 505 249 99 506 254 100 507 253 100 508 250 100 509 255 101 510 254 101 511 251 101 512 252 102 513 255 102 514 248 102 515 260 103 516 256 103 517 257 103 518 261 104 519 257 104 520 258 104 521 262 105 522 258 105 523 259 105 524 263 106 525 259 106 526 256 106 527 261 103 528 260 103 529 257 103 530 262 104 531 261 104 532 258 104 533 263 107 534 262 107 535 259 107 536 260 106 537 263 106 538 256 106 539 268 108 540 264 108 541 265 108 542 269 109 543 265 109 544 266 109 545 270 110 546 266 110 547 267 110 548 271 111 549 267 111 550 264 111 551 264 68 552 267 68 553 266 68 554 271 69 555 268 69 556 269 69 557 269 112 558 268 112 559 265 112 560 270 109 561 269 109 562 266 109 563 271 113 564 270 113 565 267 113 566 268 114 567 271 114 568 264 114 569 265 68 570 264 68 571 266 68 572 270 115 573 271 115 574 269 115 575 272 116 576 274 116 577 273 116 578 272 69 579 275 69 580 274 69 581 276 117 582 275 117 583 272 117 584 276 118 585 277 118 586 275 118 587 278 119 588 272 119 589 273 119 590 278 120 591 276 120 592 272 120 593 279 121 594 273 121 595 274 121 596 279 122 597 278 122 598 273 122 599 277 123 600 274 123 601 275 123 602 277 124 603 279 124 604 274 124 605 284 125 606 285 125 607 281 125 608 285 126 609 286 126 610 282 126 611 286 127 612 287 127 613 283 127 614 287 128 615 284 128 616 280 128 617 280 68 618 281 68 619 283 68 620 287 129 621 286 129 622 285 129 623 280 130 624 284 130 625 281 130 626 281 131 627 285 131 628 282 131 629 282 127 630 286 127 631 283 127 632 283 132 633 287 132 634 280 132 635 281 133 636 282 133 637 283 133 638 284 69 639 287 69 640 285 69 641 292 134 642 293 134 643 289 134 644 293 135 645 294 135 646 290 135 647 294 136 648 295 136 649 291 136 650 295 137 651 292 137 652 288 137 653 288 138 654 289 138 655 290 138 656 295 139 657 294 139 658 293 139 659 288 140 660 292 140 661 289 140 662 289 141 663 293 141 664 290 141 665 290 142 666 294 142 667 291 142 668 291 143 669 295 143 670 288 143 671 291 68 672 288 68 673 290 68 674 292 69 675 295 69 676 293 69 677 300 80 678 297 80 679 301 80 680 301 144 681 298 144 682 302 144 683 302 145 684 299 145 685 303 145 686 303 146 687 296 146 688 300 146 689 296 80 690 297 80 691 300 80 692 297 147 693 298 147 694 301 147 695 298 148 696 299 148 697 302 148 698 299 149 699 296 149 700 303 149 701 308 150 702 305 150 703 309 150 704 309 151 705 306 151 706 310 151 707 310 152 708 307 152 709 311 152 710 311 90 711 304 90 712 308 90 713 304 91 714 305 91 715 308 91 716 305 153 717 306 153 718 309 153 719 306 154 720 307 154 721 310 154 722 307 155 723 304 155 724 311 155 725 316 156 726 312 156 727 313 156 728 317 157 729 313 157 730 314 157 731 318 158 732 314 158 733 315 158 734 319 159 735 315 159 736 312 159 737 317 160 738 316 160 739 313 160 740 318 161 741 317 161 742 314 161 743 319 162 744 318 162 745 315 162 746 316 98 747 319 98 748 312 98 749 324 163 750 320 163 751 321 163 752 325 164 753 321 164 754 322 164 755 326 165 756 322 165 757 323 165 758 327 166 759 323 166 760 320 166 761 325 167 762 324 167 763 321 167 764 326 168 765 325 168 766 322 168 767 327 165 768 326 165 769 323 165 770 324 169 771 327 169 772 320 169 773 332 170 774 328 170 775 329 170 776 333 171 777 329 171 778 334 171 779 334 172 780 330 172 781 331 172 782 335 173 783 331 173 784 328 173 785 328 174 786 331 174 787 330 174 788 335 175 789 332 175 790 333 175 791 333 176 792 332 176 793 329 176 794 329 177 795 330 177 796 334 177 797 335 178 798 334 178 799 331 178 800 332 179 801 335 179 802 328 179 803 329 180 804 328 180 805 330 180 806 334 181 807 335 181 808 333 181 809 340 182 810 341 182 811 337 182 812 341 183 813 342 183 814 338 183 815 342 184 816 343 184 817 339 184 818 343 185 819 340 185 820 339 185 821 336 186 822 337 186 823 338 186 824 343 187 825 342 187 826 341 187 827 336 188 828 340 188 829 337 188 830 337 189 831 341 189 832 338 189 833 338 190 834 342 190 835 339 190 836 340 191 837 336 191 838 339 191 839 339 192 840 336 192 841 338 192 842 340 193 843 343 193 844 341 193 845 344 194 846 348 194 847 345 194 848 345 195 849 349 195 850 346 195 851 346 196 852 350 196 853 351 196 854 344 197 855 347 197 856 348 197 857 352 198 858 354 198 859 355 198 860 367 199 861 355 199 862 356 199 863 353 200 864 356 200 865 369 200 866 369 201 867 357 201 868 352 201 869 354 202 870 344 202 871 345 202 872 355 203 873 345 203 874 346 203 875 356 204 876 346 204 877 357 204 878 357 205 879 347 205 880 354 205 881 350 206 882 349 206 883 351 206 884 358 207 885 359 207 886 362 207 887 359 208 888 360 208 889 363 208 890 360 209 891 361 209 892 365 209 893 358 210 894 362 210 895 361 210 896 366 211 897 367 211 898 371 211 899 367 212 900 368 212 901 372 212 902 368 213 903 369 213 904 372 213 905 369 214 906 366 214 907 373 214 908 370 215 909 371 215 910 359 215 911 371 216 912 372 216 913 360 216 914 372 217 915 373 217 916 360 217 917 373 218 918 370 218 919 361 218 920 364 219 921 365 219 922 363 219 923 348 220 924 349 220 925 345 220 926 349 221 927 350 221 928 346 221 929 347 222 930 346 222 931 351 222 932 347 223 933 351 223 934 348 223 935 367 224 936 352 224 937 355 224 938 353 225 939 367 225 940 356 225 941 356 226 942 357 226 943 369 226 944 357 227 945 354 227 946 352 227 947 355 228 948 354 228 949 345 228 950 356 229 951 355 229 952 346 229 953 346 230 954 347 230 955 357 230 956 347 231 957 344 231 958 354 231 959 349 232 960 348 232 961 351 232 962 359 233 963 363 233 964 362 233 965 360 234 966 364 234 967 363 234 968 364 235 969 360 235 970 365 235 971 362 236 972 365 236 973 361 236 974 370 237 975 366 237 976 371 237 977 371 238 978 367 238 979 372 238 980 369 239 981 373 239 982 372 239 983 366 240 984 370 240 985 373 240 986 358 241 987 370 241 988 359 241 989 359 242 990 371 242 991 360 242 992 373 243 993 361 243 994 360 243 995 370 244 996 358 244 997 361 244 998 365 245 999 362 245 1000 363 245 1001 378 246 1002 379 246 1003 375 246 1004 379 247 1005 380 247 1006 376 247 1007 380 248 1008 381 248 1009 377 248 1010 381 249 1011 378 249 1012 374 249 1013 374 250 1014 375 250 1015 376 250 1016 381 251 1017 380 251 1018 379 251 1019 374 246 1020 378 246 1021 375 246 1022 375 252 1023 379 252 1024 376 252 1025 376 253 1026 380 253 1027 377 253 1028 377 254 1029 381 254 1030 374 254 1031 377 255 1032 374 255 1033 376 255 1034 378 69 1035 381 69 1036 379 69 1037 386 256 1038 382 256 1039 383 256 1040 387 257 1041 383 257 1042 388 257 1043 388 258 1044 384 258 1045 385 258 1046 389 259 1047 385 259 1048 382 259 1049 382 260 1050 385 260 1051 384 260 1052 389 261 1053 386 261 1054 387 261 1055 387 262 1056 386 262 1057 383 262 1058 383 263 1059 384 263 1060 388 263 1061 389 264 1062 388 264 1063 385 264 1064 386 265 1065 389 265 1066 382 265 1067 383 266 1068 382 266 1069 384 266 1070 388 267 1071 389 267 1072 387 267 1073 394 268 1074 395 268 1075 391 268 1076 395 269 1077 396 269 1078 391 269 1079 396 270 1080 397 270 1081 393 270 1082 397 271 1083 394 271 1084 390 271 1085 390 272 1086 391 272 1087 392 272 1088 397 273 1089 396 273 1090 395 273 1091 390 274 1092 394 274 1093 391 274 1094 396 275 1095 392 275 1096 391 275 1097 392 276 1098 396 276 1099 393 276 1100 393 277 1101 397 277 1102 390 277 1103 393 278 1104 390 278 1105 392 278 1106 394 279 1107 397 279 1108 395 279 1109 398 280 1110 402 280 1111 403 280 1112 399 281 1113 403 281 1114 404 281 1115 400 282 1116 404 282 1117 401 282 1118 398 283 1119 401 283 1120 405 283 1121 406 284 1122 408 284 1123 409 284 1124 421 285 1125 409 285 1126 410 285 1127 407 286 1128 410 286 1129 423 286 1130 423 287 1131 411 287 1132 406 287 1133 408 288 1134 398 288 1135 399 288 1136 409 289 1137 399 289 1138 400 289 1139 410 290 1140 400 290 1141 411 290 1142 411 291 1143 401 291 1144 408 291 1145 404 292 1146 403 292 1147 402 292 1148 412 293 1149 413 293 1150 417 293 1151 413 294 1152 414 294 1153 418 294 1154 414 295 1155 415 295 1156 418 295 1157 412 296 1158 416 296 1159 419 296 1160 420 297 1161 421 297 1162 425 297 1163 421 298 1164 422 298 1165 426 298 1166 422 299 1167 423 299 1168 426 299 1169 423 300 1170 420 300 1171 427 300 1172 424 301 1173 425 301 1174 413 301 1175 425 302 1176 426 302 1177 414 302 1178 426 303 1179 427 303 1180 414 303 1181 427 304 1182 424 304 1183 415 304 1184 418 305 1185 419 305 1186 416 305 1187 399 306 1188 398 306 1189 403 306 1190 400 307 1191 399 307 1192 404 307 1193 404 308 1194 405 308 1195 401 308 1196 402 309 1197 398 309 1198 405 309 1199 421 310 1200 406 310 1201 409 310 1202 407 311 1203 421 311 1204 410 311 1205 410 312 1206 411 312 1207 423 312 1208 411 313 1209 408 313 1210 406 313 1211 409 314 1212 408 314 1213 399 314 1214 410 315 1215 409 315 1216 400 315 1217 400 316 1218 401 316 1219 411 316 1220 401 317 1221 398 317 1222 408 317 1223 405 318 1224 404 318 1225 402 318 1226 416 319 1227 412 319 1228 417 319 1229 417 320 1230 413 320 1231 418 320 1232 415 321 1233 419 321 1234 418 321 1235 415 322 1236 412 322 1237 419 322 1238 424 323 1239 420 323 1240 425 323 1241 425 324 1242 421 324 1243 426 324 1244 423 325 1245 427 325 1246 426 325 1247 420 326 1248 424 326 1249 427 326 1250 412 327 1251 424 327 1252 413 327 1253 413 328 1254 425 328 1255 414 328 1256 427 329 1257 415 329 1258 414 329 1259 424 330 1260 412 330 1261 415 330 1262 417 331 1263 418 331 1264 416 331 1265 432 332 1266 433 332 1267 429 332 1268 433 333 1269 434 333 1270 430 333 1271 434 334 1272 435 334 1273 431 334 1274 435 335 1275 432 335 1276 428 335 1277 428 336 1278 429 336 1279 430 336 1280 435 337 1281 434 337 1282 433 337 1283 428 338 1284 432 338 1285 429 338 1286 429 339 1287 433 339 1288 430 339 1289 430 340 1290 434 340 1291 431 340 1292 431 341 1293 435 341 1294 428 341 1295 431 342 1296 428 342 1297 430 342 1298 432 343 1299 435 343 1300 433 343 1301 438 344 1302 439 344 1303 441 344 1304 436 345 1305 437 345 1306 441 345 1307 439 346 1308 440 346 1309 441 346 1310 440 347 1311 436 347 1312 441 347 1313 443 348 1314 442 348 1315 444 348 1316 445 349 1317 443 349 1318 444 349 1319 448 350 1320 446 350 1321 449 350 1322 448 69 1323 447 69 1324 446 69 1325 451 69 1326 447 69 1327 452 69 1328 446 351 1329 450 351 1330 449 351 1331 447 69 1332 451 69 1333 446 69 1334 447 69 1335 453 69 1336 452 69 1337 462 352 1338 457 352 1339 469 352 1340 454 353 1341 455 353 1342 468 353 1343 463 354 1344 456 354 1345 470 354 1346 457 355 1347 465 355 1348 459 355 1349 473 356 1350 454 356 1351 460 356 1352 473 357 1353 461 357 1354 454 357 1355 464 358 1356 465 358 1357 457 358 1358 455 359 1359 461 359 1360 475 359 1361 464 360 1362 462 360 1363 476 360 1364 457 361 1365 458 361 1366 469 361 1367 455 362 1368 466 362 1369 468 362 1370 467 363 1371 463 363 1372 470 363 1373 465 364 1374 471 364 1375 459 364 1376 472 365 1377 473 365 1378 460 365 1379 461 366 1380 455 366 1381 454 366 1382 462 367 1383 464 367 1384 457 367 1385 461 368 1386 474 368 1387 475 368 1388 477 369 1389 464 369 1390 476 369 1391 477 370 1392 475 370 1393 474 370 1394 475 371 1395 476 371 1396 456 371 1397 477 372 1398 476 372 1399 475 372 1400 462 69 1401 463 69 1402 456 69 1403 456 373 1404 455 373 1405 475 373 1406 476 69 1407 462 69 1408 456 69 1409 484 374 1410 485 374 1411 486 374 1412 480 375 1413 481 375 1414 486 375 1415 483 69 1416 484 69 1417 486 69 1418 479 69 1419 480 69 1420 486 69 1421 482 69 1422 483 69 1423 486 69 1424 485 376 1425 478 376 1426 486 376 1427 478 377 1428 479 377 1429 486 377 1430 481 378 1431 482 378 1432 486 378 1433 487 379 1434 495 380 1435 496 381 1436 494 382 1437 502 383 1438 495 380 1439 488 384 1440 496 381 1441 497 385 1442 489 386 1443 497 385 1444 498 387 1445 490 388 1446 498 387 1447 499 389 1448 491 390 1449 499 389 1450 500 391 1451 492 392 1452 500 391 1453 501 393 1454 493 394 1455 501 393 1456 502 383 1457 488 384 1458 487 379 1459 496 381 1460 487 379 1461 494 382 1462 495 380 1463 489 386 1464 488 384 1465 497 385 1466 490 388 1467 489 386 1468 498 387 1469 491 390 1470 490 388 1471 499 389 1472 492 392 1473 491 390 1474 500 391 1475 493 394 1476 492 392 1477 501 393 1478 494 382 1479 493 394 1480 502 383 1481 505 395 1482 506 395 1483 513 395 1484 506 396 1485 507 396 1486 515 396 1487 507 397 1488 508 397 1489 516 397 1490 508 398 1491 509 398 1492 517 398 1493 509 399 1494 510 399 1495 518 399 1496 504 400 1497 503 400 1498 511 400 1499 510 401 1500 504 401 1501 512 401 1502 503 69 1503 505 69 1504 513 69 1505 506 402 1506 514 402 1507 513 402 1508 514 69 1509 506 69 1510 515 69 1511 515 69 1512 507 69 1513 516 69 1514 516 403 1515 508 403 1516 517 403 1517 517 69 1518 509 69 1519 518 69 1520 512 69 1521 504 69 1522 511 69 1523 518 404 1524 510 404 1525 512 404 1526 511 69 1527 503 69 1528 513 69 1529 533 69 1530 534 69 1531 525 69 1532 529 69 1533 530 69 1534 521 69 1535 532 405 1536 533 405 1537 524 405 1538 527 406 1539 529 406 1540 520 406 1541 531 69 1542 532 69 1543 523 69 1544 534 407 1545 528 407 1546 526 407 1547 528 69 1548 527 69 1549 519 69 1550 530 408 1551 531 408 1552 522 408 1553 534 69 1554 526 69 1555 525 69 1556 530 69 1557 522 69 1558 521 69 1559 533 69 1560 525 69 1561 524 69 1562 529 69 1563 521 69 1564 520 69 1565 532 69 1566 524 69 1567 523 69 1568 528 69 1569 519 69 1570 526 69 1571 527 69 1572 520 69 1573 519 69 1574 531 69 1575 523 69 1576 522 69 1577 542 409 1578 541 410 1579 549 411 1580 538 412 1581 537 413 1582 545 414 1583 541 410 1584 540 415 1585 548 416 1586 537 413 1587 536 417 1588 544 418 1589 540 415 1590 539 419 1591 547 420 1592 535 421 1593 542 409 1594 550 422 1595 536 417 1596 535 421 1597 543 423 1598 539 419 1599 538 412 1600 546 424 1601 550 422 1602 542 409 1603 549 411 1604 546 424 1605 538 412 1606 545 414 1607 549 411 1608 541 410 1609 548 416 1610 545 414 1611 537 413 1612 544 418 1613 548 416 1614 540 415 1615 547 420 1616 543 423 1617 535 421 1618 550 422 1619 544 418 1620 536 417 1621 543 423 1622 547 420 1623 539 419 1624 546 424 1625 558 425 1626 566 426 1627 565 427 1628 554 428 1629 562 429 1630 561 430 1631 557 431 1632 565 427 1633 564 432 1634 553 433 1635 561 430 1636 560 434 1637 556 435 1638 564 432 1639 563 436 1640 551 437 1641 559 438 1642 566 426 1643 552 439 1644 560 434 1645 559 438 1646 555 440 1647 563 436 1648 562 429 1649 557 431 1650 558 425 1651 565 427 1652 553 433 1653 554 428 1654 561 430 1655 556 435 1656 557 431 1657 564 432 1658 552 439 1659 553 433 1660 560 434 1661 555 440 1662 556 435 1663 563 436 1664 558 425 1665 551 437 1666 566 426 1667 551 437 1668 552 439 1669 559 438 1670 554 428 1671 555 440 1672 562 429 1673 571 441 1674 572 441 1675 568 441 1676 572 442 1677 573 442 1678 569 442 1679 573 443 1680 574 443 1681 570 443 1682 574 444 1683 571 444 1684 570 444 1685 567 445 1686 568 445 1687 569 445 1688 574 446 1689 573 446 1690 572 446 1691 567 447 1692 571 447 1693 568 447 1694 568 448 1695 572 448 1696 569 448 1697 569 449 1698 573 449 1699 570 449 1700 571 450 1701 567 450 1702 570 450 1703 570 451 1704 567 451 1705 569 451 1706 571 452 1707 574 452 1708 572 452 1709 579 453 1710 580 453 1711 576 453 1712 580 454 1713 581 454 1714 576 454 1715 581 455 1716 582 455 1717 578 455 1718 582 456 1719 579 456 1720 575 456 1721 575 457 1722 576 457 1723 577 457 1724 582 458 1725 581 458 1726 580 458 1727 575 459 1728 579 459 1729 576 459 1730 581 460 1731 577 460 1732 576 460 1733 577 461 1734 581 461 1735 578 461 1736 578 462 1737 582 462 1738 575 462 1739 578 463 1740 575 463 1741 577 463 1742 579 464 1743 582 464 1744 580 464 1745 587 465 1746 588 465 1747 584 465 1748 588 466 1749 589 466 1750 585 466 1751 589 467 1752 590 467 1753 586 467 1754 590 468 1755 587 468 1756 583 468 1757 583 469 1758 584 469 1759 585 469 1760 590 470 1761 589 470 1762 588 470 1763 583 471 1764 587 471 1765 584 471 1766 584 472 1767 588 472 1768 585 472 1769 585 473 1770 589 473 1771 586 473 1772 586 474 1773 590 474 1774 583 474 1775 586 475 1776 583 475 1777 585 475 1778 587 476 1779 590 476 1780 588 476 1781 595 477 1782 591 477 1783 592 477 1784 599 478 1785 600 478 1786 593 478 1787 597 479 1788 593 479 1789 594 479 1790 601 480 1791 602 480 1792 591 480 1793 602 481 1794 594 481 1795 593 481 1796 601 482 1797 595 482 1798 596 482 1799 596 483 1800 592 483 1801 600 483 1802 598 484 1803 594 484 1804 602 484 1805 591 485 1806 602 485 1807 600 485 1808 598 486 1809 601 486 1810 599 486 1811 596 487 1812 595 487 1813 592 487 1814 597 488 1815 599 488 1816 593 488 1817 598 489 1818 597 489 1819 594 489 1820 595 490 1821 601 490 1822 591 490 1823 600 69 1824 602 69 1825 593 69 1826 599 491 1827 601 491 1828 596 491 1829 599 492 1830 596 492 1831 600 492 1832 601 493 1833 598 493 1834 602 493 1835 592 494 1836 591 494 1837 600 494 1838 597 495 1839 598 495 1840 599 495 1841 604 496 1842 605 497 1843 603 498 1844 606 499 1845 607 500 1846 605 497 1847 607 500 1848 610 501 1849 609 502 1850 610 501 1851 611 503 1852 609 502 1853 611 503 1854 614 504 1855 613 505 1856 614 504 1857 615 506 1858 613 505 1859 610 501 1860 621 507 1861 622 508 1862 615 506 1863 618 509 1864 617 510 1865 617 510 1866 604 496 1867 603 498 1868 625 511 1869 634 512 1870 626 513 1871 614 504 1872 625 511 1873 616 514 1874 610 501 1875 623 515 1876 612 516 1877 618 509 1878 625 511 1879 626 513 1880 606 499 1881 621 507 1882 608 517 1883 614 504 1884 623 515 1885 624 518 1886 618 509 1887 620 519 1888 604 496 1889 606 499 1890 620 519 1891 619 520 1892 629 521 1893 635 522 1894 637 523 1895 623 515 1896 632 524 1897 624 518 1898 622 508 1899 629 521 1900 630 525 1901 620 519 1902 627 526 1903 619 520 1904 626 513 1905 628 527 1906 620 519 1907 625 511 1908 632 524 1909 633 528 1910 623 515 1911 630 525 1912 631 529 1913 619 520 1914 629 521 1915 621 507 1916 633 528 1917 642 530 1918 634 512 1919 631 529 1920 640 531 1921 632 524 1922 629 521 1923 638 532 1924 630 525 1925 627 526 1926 636 533 1927 635 522 1928 628 527 1929 642 530 1930 636 533 1931 633 528 1932 640 531 1933 641 534 1934 630 525 1935 639 535 1936 631 529 1937 640 531 1938 649 536 1939 641 534 1940 639 535 1941 648 537 1942 640 531 1943 639 535 1944 646 538 1945 647 539 1946 638 532 1947 645 540 1948 646 538 1949 646 541 1950 653 542 1951 654 543 1952 643 544 1953 653 542 1954 645 545 1955 644 546 1956 651 547 1957 643 544 1958 644 546 1959 658 548 1960 652 549 1961 642 530 1962 649 536 1963 650 550 1964 636 533 1965 650 550 1966 644 551 1967 636 533 1968 643 552 1969 635 522 1970 635 522 1971 645 540 1972 637 523 1973 658 548 1974 660 553 1975 652 549 1976 657 554 1977 664 555 1978 665 556 1979 654 543 1980 663 557 1981 655 558 1982 653 542 1983 659 559 1984 661 560 1985 657 554 1986 666 561 1987 658 548 1988 656 562 1989 663 557 1990 664 555 1991 653 542 1992 662 563 1993 654 543 1994 651 547 1995 660 553 1996 659 559 1997 647 564 1998 654 543 1999 655 558 2000 647 564 2001 656 562 2002 648 565 2003 648 565 2004 657 554 2005 649 566 2006 650 567 2007 657 554 2008 658 548 2009 645 568 2010 647 569 2011 649 570 2012 1 0 2013 3 24 2014 2 1 2015 2 1 2016 3 24 2017 5 3 2018 5 3 2019 7 12 2020 6 5 2021 6 5 2022 7 12 2023 9 6 2024 9 6 2025 11 9 2026 10 8 2027 11 9 2028 13 18 2029 12 10 2030 5 3 2031 18 22 2032 19 11 2033 12 10 2034 13 18 2035 15 13 2036 14 14 2037 15 13 2038 1 0 2039 22 15 2040 30 32 2041 31 16 2042 13 18 2043 11 9 2044 21 19 2045 9 6 2046 7 12 2047 19 11 2048 13 18 2049 22 15 2050 23 17 2051 5 3 2052 3 24 2053 16 21 2054 11 9 2055 9 6 2056 20 20 2057 15 13 2058 23 17 2059 17 23 2060 1 0 2061 17 23 2062 16 21 2063 24 25 2064 32 37 2065 34 26 2066 21 19 2067 20 20 2068 28 28 2069 19 11 2070 18 22 2071 26 27 2072 16 21 2073 17 23 2074 25 31 2075 23 17 2076 31 16 2077 25 31 2078 22 15 2079 21 19 2080 29 29 2081 19 11 2082 27 30 2083 28 28 2084 16 21 2085 24 25 2086 26 27 2087 30 32 2088 38 38 2089 39 33 2090 28 28 2091 36 39 2092 37 34 2093 27 30 2094 26 27 2095 34 26 2096 24 25 2097 25 31 2098 33 36 2099 25 31 2100 31 16 2101 39 33 2102 30 32 2103 29 29 2104 37 34 2105 27 30 2106 35 35 2107 36 39 2108 38 38 2109 37 34 2110 45 40 2111 37 34 2112 36 39 2113 44 42 2114 36 39 2115 35 35 2116 43 43 2117 35 35 2118 34 26 2119 42 44 2120 38 38 2121 46 41 2122 47 45 2123 39 33 2124 47 45 2125 41 46 2126 33 36 2127 41 46 2128 40 47 2129 32 37 2130 40 47 2131 42 44 2132 49 48 2133 55 60 2134 63 49 2135 53 51 2136 61 61 2137 62 52 2138 51 54 2139 59 62 2140 60 55 2141 50 57 2142 48 63 2143 56 58 2144 55 60 2145 54 53 2146 62 52 2147 52 56 2148 60 55 2149 61 61 2150 50 57 2151 58 59 2152 59 62 2153 48 63 2154 49 48 2155 57 50 2156 65 64 2157 67 64 2158 66 64 2159 67 65 2160 71 65 2161 70 65 2162 71 66 2163 69 66 2164 68 66 2165 69 67 2166 65 67 2167 64 67 2168 73 64 2169 75 64 2170 74 64 2171 75 65 2172 79 65 2173 78 65 2174 79 66 2175 77 66 2176 76 66 2177 77 67 2178 73 67 2179 72 67 2180 78 68 2181 76 68 2182 72 68 2183 75 69 2184 73 69 2185 77 69 2186 81 64 2187 83 64 2188 82 64 2189 83 65 2190 87 65 2191 86 65 2192 87 66 2193 85 66 2194 84 66 2195 85 67 2196 81 67 2197 80 67 2198 89 64 2199 91 64 2200 90 64 2201 91 65 2202 95 65 2203 94 65 2204 95 66 2205 93 66 2206 92 66 2207 93 67 2208 89 67 2209 88 67 2210 97 64 2211 99 64 2212 98 64 2213 99 65 2214 103 65 2215 102 65 2216 103 66 2217 101 66 2218 100 66 2219 101 67 2220 97 67 2221 96 67 2222 105 64 2223 107 64 2224 106 64 2225 107 65 2226 111 65 2227 110 65 2228 111 66 2229 109 66 2230 108 66 2231 109 67 2232 105 67 2233 104 67 2234 113 64 2235 115 64 2236 114 64 2237 115 65 2238 119 65 2239 118 65 2240 119 66 2241 117 66 2242 116 66 2243 117 67 2244 113 67 2245 112 67 2246 118 68 2247 116 68 2248 112 68 2249 115 69 2250 113 69 2251 117 69 2252 121 64 2253 123 64 2254 122 64 2255 123 65 2256 127 65 2257 126 65 2258 127 66 2259 125 66 2260 124 66 2261 125 67 2262 121 67 2263 120 67 2264 129 64 2265 131 64 2266 130 64 2267 131 65 2268 135 65 2269 134 65 2270 135 66 2271 133 66 2272 132 66 2273 133 67 2274 129 67 2275 128 67 2276 137 64 2277 139 64 2278 138 64 2279 139 65 2280 143 65 2281 142 65 2282 143 66 2283 141 66 2284 140 66 2285 141 67 2286 137 67 2287 136 67 2288 145 64 2289 147 64 2290 146 64 2291 147 65 2292 151 65 2293 150 65 2294 151 66 2295 149 66 2296 148 66 2297 149 67 2298 145 67 2299 144 67 2300 153 64 2301 155 64 2302 154 64 2303 155 65 2304 159 65 2305 158 65 2306 159 66 2307 157 66 2308 156 66 2309 157 67 2310 153 67 2311 152 67 2312 158 68 2313 156 68 2314 152 68 2315 155 69 2316 153 69 2317 157 69 2318 161 64 2319 163 64 2320 162 64 2321 163 65 2322 167 65 2323 166 65 2324 167 66 2325 165 66 2326 164 66 2327 165 67 2328 161 67 2329 160 67 2330 169 64 2331 171 64 2332 170 64 2333 171 65 2334 175 65 2335 174 65 2336 175 66 2337 173 66 2338 172 66 2339 173 67 2340 169 67 2341 168 67 2342 177 64 2343 179 64 2344 178 64 2345 179 65 2346 183 65 2347 182 65 2348 183 66 2349 181 66 2350 180 66 2351 181 67 2352 177 67 2353 176 67 2354 185 64 2355 187 64 2356 186 64 2357 187 65 2358 191 65 2359 190 65 2360 191 66 2361 189 66 2362 188 66 2363 189 67 2364 185 67 2365 184 67 2366 193 64 2367 195 64 2368 194 64 2369 195 65 2370 199 65 2371 198 65 2372 199 66 2373 197 66 2374 196 66 2375 197 67 2376 193 67 2377 192 67 2378 198 68 2379 196 68 2380 192 68 2381 195 69 2382 193 69 2383 197 69 2384 201 64 2385 203 64 2386 202 64 2387 203 65 2388 207 65 2389 206 65 2390 207 66 2391 205 66 2392 204 66 2393 205 67 2394 201 67 2395 200 67 2396 209 64 2397 211 64 2398 210 64 2399 211 65 2400 215 65 2401 214 65 2402 215 66 2403 213 66 2404 212 66 2405 213 67 2406 209 67 2407 208 67 2408 217 64 2409 219 64 2410 218 64 2411 219 65 2412 223 65 2413 222 65 2414 223 66 2415 221 66 2416 220 66 2417 221 67 2418 217 67 2419 216 67 2420 604 496 2421 606 499 2422 605 497 2423 606 499 2424 608 517 2425 607 500 2426 607 500 2427 608 517 2428 610 501 2429 610 501 2430 612 516 2431 611 503 2432 611 503 2433 612 516 2434 614 504 2435 614 504 2436 616 514 2437 615 506 2438 610 501 2439 608 517 2440 621 507 2441 615 506 2442 616 514 2443 618 509 2444 617 510 2445 618 509 2446 604 496 2447 625 511 2448 633 528 2449 634 512 2450 614 504 2451 624 518 2452 625 511 2453 610 501 2454 622 508 2455 623 515 2456 618 509 2457 616 514 2458 625 511 2459 606 499 2460 619 520 2461 621 507 2462 614 504 2463 612 516 2464 623 515 2465 618 509 2466 626 513 2467 620 519 2468 606 499 2469 604 496 2470 620 519 2471 629 521 2472 627 526 2473 635 522 2474 623 515 2475 631 529 2476 632 524 2477 622 508 2478 621 507 2479 629 521 2480 620 519 2481 628 527 2482 627 526 2483 626 513 2484 634 512 2485 628 527 2486 625 511 2487 624 518 2488 632 524 2489 623 515 2490 622 508 2491 630 525 2492 619 520 2493 627 526 2494 629 521 2495 633 528 2496 641 534 2497 642 530 2498 631 529 2499 639 535 2500 640 531 2501 629 521 2502 637 523 2503 638 532 2504 627 526 2505 628 527 2506 636 533 2507 628 527 2508 634 512 2509 642 530 2510 633 528 2511 632 524 2512 640 531 2513 630 525 2514 638 532 2515 639 535 2516 640 531 2517 648 537 2518 649 536 2519 639 535 2520 647 539 2521 648 537 2522 639 535 2523 638 532 2524 646 538 2525 638 532 2526 637 523 2527 645 540 2528 646 541 2529 645 545 2530 653 542 2531 643 544 2532 651 547 2533 653 542 2534 644 546 2535 652 549 2536 651 547 2537 644 546 2538 650 567 2539 658 548 2540 642 530 2541 641 534 2542 649 536 2543 636 533 2544 642 530 2545 650 550 2546 636 533 2547 644 551 2548 643 552 2549 635 522 2550 643 552 2551 645 540 2552 658 548 2553 666 561 2554 660 553 2555 657 554 2556 656 562 2557 664 555 2558 654 543 2559 662 563 2560 663 557 2561 653 542 2562 651 547 2563 659 559 2564 657 554 2565 665 556 2566 666 561 2567 656 562 2568 655 558 2569 663 557 2570 653 542 2571 661 560 2572 662 563 2573 651 547 2574 652 549 2575 660 553 2576 647 564 2577 646 541 2578 654 543 2579 647 564 2580 655 558 2581 656 562 2582 648 565 2583 656 562 2584 657 554 2585 650 567 2586 649 566 2587 657 554 2588 644 571 2589 643 68 2590 645 568 2591 645 568 2592 646 572 2593 647 569 2594 647 569 2595 648 68 2596 649 570 2597 649 570 2598 650 573 2599 644 571 2600 644 571 2601 645 568 2602 649 570 2603 668 574 2604 669 574 2605 667 574 2606 670 575 2607 673 575 2608 669 575 2609 674 576 2610 671 576 2611 673 576 2612 672 577 2613 667 577 2614 671 577 2615 673 68 2616 667 68 2617 669 68 2618 674 578 2619 668 578 2620 672 578 2621 668 579 2622 670 579 2623 669 579 2624 670 580 2625 674 580 2626 673 580 2627 674 581 2628 672 581 2629 671 581 2630 672 582 2631 668 582 2632 667 582 2633 673 68 2634 671 68 2635 667 68 2636 674 583 2637 670 583 2638 668 583 2639 676 64 2640 677 64 2641 675 64 2642 678 584 2643 681 584 2644 677 584 2645 682 66 2646 679 66 2647 681 66 2648 680 67 2649 675 67 2650 679 67 2651 681 68 2652 675 68 2653 677 68 2654 682 69 2655 676 69 2656 680 69 2657 676 64 2658 678 64 2659 677 64 2660 678 585 2661 682 585 2662 681 585 2663 682 66 2664 680 66 2665 679 66 2666 680 67 2667 676 67 2668 675 67 2669 681 68 2670 679 68 2671 675 68 2672 682 69 2673 678 69 2674 676 69 2675 684 586 2676 685 586 2677 683 586 2678 686 587 2679 689 587 2680 685 587 2681 690 588 2682 687 588 2683 689 588 2684 688 589 2685 683 589 2686 687 589 2687 690 69 2688 684 69 2689 688 69 2690 684 590 2691 686 590 2692 685 590 2693 686 591 2694 690 591 2695 689 591 2696 690 592 2697 688 592 2698 687 592 2699 688 593 2700 684 593 2701 683 593 2702 690 69 2703 686 69 2704 684 69 2705 708 594 2706 694 595 2707 709 596 2708 694 595 2709 711 597 2710 709 596 2711 696 598 2712 713 599 2713 711 597 2714 698 600 2715 715 601 2716 713 599 2717 715 601 2718 702 602 2719 717 603 2720 717 603 2721 704 604 2722 719 605 2723 704 604 2724 721 606 2725 719 605 2726 706 607 2727 708 594 2728 721 606 2729 705 608 2730 707 609 2731 691 610 2732 721 606 2733 723 611 2734 730 612 2735 703 613 2736 722 614 2737 705 608 2738 719 605 2739 730 612 2740 729 615 2741 701 616 2742 720 617 2743 703 613 2744 728 618 2745 719 605 2746 729 615 2747 699 619 2748 718 620 2749 701 616 2750 715 601 2751 728 618 2752 727 621 2753 697 622 2754 716 623 2755 699 619 2756 726 624 2757 715 601 2758 727 621 2759 695 625 2760 714 626 2761 697 622 2762 711 597 2763 726 624 2764 725 627 2765 693 628 2766 712 629 2767 695 625 2768 709 596 2769 725 627 2770 724 630 2771 691 610 2772 710 631 2773 693 628 2774 708 594 2775 724 630 2776 723 611 2777 723 611 2778 710 631 2779 707 609 2780 710 631 2781 725 627 2782 712 629 2783 712 629 2784 726 624 2785 714 626 2786 714 626 2787 727 621 2788 716 623 2789 727 621 2790 718 620 2791 716 623 2792 728 618 2793 720 617 2794 718 620 2795 720 617 2796 730 612 2797 722 614 2798 722 614 2799 723 611 2800 707 609 2801 708 594 2802 692 632 2803 694 595 2804 694 595 2805 696 598 2806 711 597 2807 696 598 2808 698 600 2809 713 599 2810 698 600 2811 700 633 2812 715 601 2813 715 601 2814 700 633 2815 702 602 2816 717 603 2817 702 602 2818 704 604 2819 704 604 2820 706 607 2821 721 606 2822 706 607 2823 692 632 2824 708 594 2825 705 608 2826 722 614 2827 707 609 2828 721 606 2829 708 594 2830 723 611 2831 703 613 2832 720 617 2833 722 614 2834 719 605 2835 721 606 2836 730 612 2837 701 616 2838 718 620 2839 720 617 2840 728 618 2841 717 603 2842 719 605 2843 699 619 2844 716 623 2845 718 620 2846 715 601 2847 717 603 2848 728 618 2849 697 622 2850 714 626 2851 716 623 2852 726 624 2853 713 599 2854 715 601 2855 695 625 2856 712 629 2857 714 626 2858 711 597 2859 713 599 2860 726 624 2861 693 628 2862 710 631 2863 712 629 2864 709 596 2865 711 597 2866 725 627 2867 691 610 2868 707 609 2869 710 631 2870 708 594 2871 709 596 2872 724 630 2873 723 611 2874 724 630 2875 710 631 2876 710 631 2877 724 630 2878 725 627 2879 712 629 2880 725 627 2881 726 624 2882 714 626 2883 726 624 2884 727 621 2885 727 621 2886 728 618 2887 718 620 2888 728 618 2889 729 615 2890 720 617 2891 720 617 2892 729 615 2893 730 612 2894 722 614 2895 730 612 2896 723 611 2897 732 634 2898 749 635 2899 748 636 2900 734 637 2901 751 638 2902 749 635 2903 736 639 2904 753 640 2905 751 638 2906 738 641 2907 755 642 2908 753 640 2909 755 642 2910 742 643 2911 757 644 2912 757 644 2913 744 645 2914 759 646 2915 759 646 2916 746 647 2917 761 648 2918 746 647 2919 748 636 2920 761 648 2921 762 649 2922 731 650 2923 745 651 2924 770 652 2925 748 636 2926 763 653 2927 743 654 2928 762 649 2929 745 651 2930 769 655 2931 761 648 2932 770 652 2933 741 656 2934 760 657 2935 743 654 2936 768 658 2937 759 646 2938 769 655 2939 739 659 2940 758 660 2941 741 656 2942 755 642 2943 768 658 2944 767 661 2945 737 662 2946 756 663 2947 739 659 2948 766 664 2949 755 642 2950 767 661 2951 735 665 2952 754 666 2953 737 662 2954 765 667 2955 753 640 2956 766 664 2957 750 668 2958 735 665 2959 733 669 2960 764 670 2961 751 638 2962 765 667 2963 747 671 2964 733 669 2965 731 650 2966 748 636 2967 764 670 2968 763 653 2969 763 653 2970 750 668 2971 747 671 2972 764 670 2973 752 672 2974 750 668 2975 765 667 2976 754 666 2977 752 672 2978 754 666 2979 767 661 2980 756 663 2981 756 663 2982 768 658 2983 758 660 2984 768 658 2985 760 657 2986 758 660 2987 769 655 2988 762 649 2989 760 657 2990 770 652 2991 747 671 2992 762 649 2993 732 634 2994 734 637 2995 749 635 2996 734 637 2997 736 639 2998 751 638 2999 736 639 3000 738 641 3001 753 640 3002 738 641 3003 740 673 3004 755 642 3005 755 642 3006 740 673 3007 742 643 3008 757 644 3009 742 643 3010 744 645 3011 759 646 3012 744 645 3013 746 647 3014 746 647 3015 732 634 3016 748 636 3017 762 649 3018 747 671 3019 731 650 3020 770 652 3021 761 648 3022 748 636 3023 743 654 3024 760 657 3025 762 649 3026 769 655 3027 759 646 3028 761 648 3029 741 656 3030 758 660 3031 760 657 3032 768 658 3033 757 644 3034 759 646 3035 739 659 3036 756 663 3037 758 660 3038 755 642 3039 757 644 3040 768 658 3041 737 662 3042 754 666 3043 756 663 3044 766 664 3045 753 640 3046 755 642 3047 735 665 3048 752 672 3049 754 666 3050 765 667 3051 751 638 3052 753 640 3053 750 668 3054 752 672 3055 735 665 3056 764 670 3057 749 635 3058 751 638 3059 747 671 3060 750 668 3061 733 669 3062 748 636 3063 749 635 3064 764 670 3065 763 653 3066 764 670 3067 750 668 3068 764 670 3069 765 667 3070 752 672 3071 765 667 3072 766 664 3073 754 666 3074 754 666 3075 766 664 3076 767 661 3077 756 663 3078 767 661 3079 768 658 3080 768 658 3081 769 655 3082 760 657 3083 769 655 3084 770 652 3085 762 649 3086 770 652 3087 763 653 3088 747 671 3089 773 674 3090 782 675 3091 774 676 3092 773 674 3093 779 677 3094 781 678 3095 772 679 3096 779 677 3097 771 680 3098 778 681 3099 780 682 3100 772 679 3101 775 683 3102 782 675 3103 783 684 3104 776 685 3105 783 684 3106 784 686 3107 776 685 3108 785 687 3109 777 688 3110 778 681 3111 785 687 3112 786 689 3113 775 683 3114 777 688 3115 772 679 3116 773 674 3117 781 678 3118 782 675 3119 773 674 3120 771 680 3121 779 677 3122 772 679 3123 780 682 3124 779 677 3125 778 681 3126 786 689 3127 780 682 3128 775 683 3129 774 676 3130 782 675 3131 776 685 3132 775 683 3133 783 684 3134 776 685 3135 784 686 3136 785 687 3137 778 681 3138 777 688 3139 785 687 3140 772 679 3141 771 680 3142 775 683 3143 771 680 3144 773 674 3145 775 683 3146 773 674 3147 774 676 3148 775 683 3149 775 683 3150 776 685 3151 777 688 3152 777 688 3153 778 681 3154 772 679 3155 790 690 3156 789 691 3157 793 692 3158 789 691 3159 788 693 3160 793 692 3161 788 693 3162 787 694 3163 793 692 3164 787 694 3165 794 695 3166 793 692 3167 793 692 3168 792 696 3169 791 697 3170 791 697 3171 790 690 3172 793 692 3173 799 698 3174 798 699 3175 797 700 3176 797 700 3177 796 701 3178 801 702 3179 796 701 3180 795 703 3181 801 702 3182 795 703 3183 802 704 3184 801 702 3185 801 702 3186 800 705 3187 797 700 3188 800 705 3189 799 698 3190 797 700 3191</p>
        </triangles>
      </mesh>
    </geometry>
  </library_geometries>
  <library_visual_scenes>
    <visual_scene id="Scene" name="Scene">
      <node id="umay_blacksmith_props_02" name="umay_blacksmith_props_02" type="NODE">
        <matrix sid="transform">0.313568 -2.5648e-8 -6.32899e-8 -1.19209e-7 2.5648e-8 0.313568 -5.85222e-9 5.96046e-8 6.32899e-8 5.85221e-9 0.313568 0 0 0 0 1</matrix>
        <instance_geometry url="#umay_blacksmith_props_02-mesh" name="umay_blacksmith_props_02"/>
      </node>
    </visual_scene>
  </library_visual_scenes>
  <scene>
    <instance_visual_scene url="#Scene"/>
  </scene>
</COLLADA>